Kategori,Nama_File,Area,Perimeter,Circularity,Aspect_Ratio,Solidity,Extent
apel,istockphoto-104118859-612x612.jpg,304889.0,2220.0,0.7774020311341112,0.82,1.0,0.9963692810457516
apel,istockphoto-104118859-612x612.jpg,304889.0,2220.0,0.7774020311341112,0.82,1.0,0.9963692810457516
apel,istockphoto-1071724874-612x612.jpg,348881.0,2364.0,0.7844987177781361,1.07,1.0,0.9966206179441474
apel,istockphoto-1071724874-612x612.jpg,348881.0,2364.0,0.7844987177781361,1.07,1.0,0.9966206179441474
apel,istockphoto-1129330002-612x612.jpg,373321.0,2444.0,0.7853981633974482,1.0,1.0,0.9967346960570721
apel,istockphoto-1129330002-612x612.jpg,373321.0,2444.0,0.7853981633974482,1.0,1.0,0.9967346960570721
apel,istockphoto-1129330005-612x612.jpg,373321.0,2444.0,0.7853981633974482,1.0,1.0,0.9967346960570721
apel,istockphoto-1129330005-612x612.jpg,373321.0,2444.0,0.7853981633974482,1.0,1.0,0.9967346960570721
apel,istockphoto-1129330007-612x612.jpg,373321.0,2444.0,0.7853981633974482,1.0,1.0,0.9967346960570721
apel,istockphoto-1129330007-612x612.jpg,373321.0,2444.0,0.7853981633974482,1.0,1.0,0.9967346960570721
apel,istockphoto-1194909938-612x612.jpg,315276.0,2254.0,0.7798174559065856,1.18,1.0,0.9964349376114082
apel,istockphoto-1194909938-612x612.jpg,315276.0,2254.0,0.7798174559065856,1.18,1.0,0.9964349376114082
apel,istockphoto-1211615527-612x612.jpg,345215.0,2352.0,0.7841964776749564,1.08,1.0,0.9966021155222984
apel,istockphoto-1211615527-612x612.jpg,345215.0,2352.0,0.7841964776749564,1.08,1.0,0.9966021155222984
apel,istockphoto-1251667475-612x612.jpg,364156.0,2414.0,0.7852768642190403,0.98,1.0,0.996693708192378
apel,istockphoto-1251667475-612x612.jpg,364156.0,2414.0,0.7852768642190403,0.98,1.0,0.996693708192378
apel,istockphoto-1278670245-612x612.jpg,342160.0,2342.0,0.7839084029374003,1.09,1.0,0.99658639451027
apel,istockphoto-1278670245-612x612.jpg,342160.0,2342.0,0.7839084029374003,1.09,1.0,0.99658639451027
apel,istockphoto-1291262170-612x612.jpg,362934.0,2410.0,0.7852418437271795,1.03,1.0,0.9966880869995057
apel,istockphoto-1291262170-612x612.jpg,362934.0,2410.0,0.7852418437271795,1.03,1.0,0.9966880869995057
apel,istockphoto-1296217548-612x612.jpg,348881.0,2364.0,0.7844987177781361,1.07,1.0,0.9966206179441474
apel,istockphoto-1296217548-612x612.jpg,348881.0,2364.0,0.7844987177781361,1.07,1.0,0.9966206179441474
apel,istockphoto-1312496608-612x612.jpg,352547.0,2376.0,0.7847548614973534,1.06,1.0,0.9966387362326707
apel,istockphoto-1312496608-612x612.jpg,352547.0,2376.0,0.7847548614973534,1.06,1.0,0.9966387362326707
apel,istockphoto-1317485931-612x612.jpg,354380.0,2382.0,0.784866067701401,1.05,1.0,0.9966476550459541
apel,istockphoto-1317485931-612x612.jpg,354380.0,2382.0,0.784866067701401,1.05,1.0,0.9966476550459541
apel,istockphoto-139536288-612x612.jpg,279838.0,2138.0,0.769309597540746,0.75,1.0,0.9961909237187976
apel,istockphoto-139536288-612x612.jpg,279838.0,2138.0,0.769309597540746,0.75,1.0,0.9961909237187976
apel,istockphoto-145152710-612x612.jpg,248677.0,2036.0,0.753858673847898,0.67,1.0,0.9959190375496604
apel,istockphoto-145152710-612x612.jpg,248677.0,2036.0,0.753858673847898,0.67,1.0,0.9959190375496604
apel,istockphoto-146074221-612x612.jpg,361712.0,2406.0,0.785202249236476,1.03,1.0,0.9966824278896494
apel,istockphoto-146074221-612x612.jpg,361712.0,2406.0,0.785202249236476,1.03,1.0,0.9966824278896494
apel,istockphoto-146899851-612x612.jpg,248677.0,2036.0,0.753858673847898,1.5,1.0,0.9959190375496604
apel,istockphoto-146899851-612x612.jpg,248677.0,2036.0,0.753858673847898,1.5,1.0,0.9959190375496604
apel,istockphoto-147072004-612x612.jpg,243178.0,2018.0,0.750398267244609,1.53,1.0,0.9958638426130686
apel,istockphoto-147072004-612x612.jpg,243178.0,2018.0,0.750398267244609,1.53,1.0,0.9958638426130686
apel,istockphoto-147666530-612x612.jpg,248677.0,2036.0,0.753858673847898,1.5,1.0,0.9959190375496604
apel,istockphoto-147666530-612x612.jpg,248677.0,2036.0,0.753858673847898,1.5,1.0,0.9959190375496604
apel,istockphoto-1489396457-612x612.jpg,350714.0,2370.0,0.7846324669558586,0.94,1.0,0.9966297243535095
apel,istockphoto-1489396457-612x612.jpg,350714.0,2370.0,0.7846324669558586,0.94,1.0,0.9966297243535095
apel,istockphoto-1605993675-612x612.jpg,316498.0,2258.0,0.780068891300266,0.85,1.0,0.9964423791353407
apel,istockphoto-1605993675-612x612.jpg,316498.0,2258.0,0.780068891300266,0.85,1.0,0.9964423791353407
apel,istockphoto-166138544-612x612.jpg,373321.0,2444.0,0.7853981633974482,1.0,1.0,0.9967346960570721
apel,istockphoto-166138544-612x612.jpg,373321.0,2444.0,0.7853981633974482,1.0,1.0,0.9967346960570721
apel,istockphoto-172381794-612x612.jpg,373321.0,2444.0,0.7853981633974482,1.0,1.0,0.9967346960570721
apel,istockphoto-172381794-612x612.jpg,373321.0,2444.0,0.7853981633974482,1.0,1.0,0.9967346960570721
apel,istockphoto-177110145-612x612.jpg,339716.0,2334.0,0.7836536530560936,1.1,1.0,0.9965736144846927
apel,istockphoto-177110145-612x612.jpg,339716.0,2334.0,0.7836536530560936,1.1,1.0,0.9965736144846927
apel,istockphoto-177247793-612x612.jpg,373321.0,2444.0,0.7853981633974482,1.0,1.0,0.9967346960570721
apel,istockphoto-177247793-612x612.jpg,373321.0,2444.0,0.7853981633974482,1.0,1.0,0.9967346960570721
apel,istockphoto-179514712-612x612.jpg,317720.0,2262.0,0.7803136727109011,1.17,1.0,0.9964497635266518
apel,istockphoto-179514712-612x612.jpg,317720.0,2262.0,0.7803136727109011,1.17,1.0,0.9964497635266518
apel,istockphoto-185071735-612x612.jpg,373321.0,2444.0,0.7853981633974482,1.0,1.0,0.9967346960570721
apel,istockphoto-185071735-612x612.jpg,373321.0,2444.0,0.7853981633974482,1.0,1.0,0.9967346960570721
apel,istockphoto-185689098-612x612.jpg,246844.0,2030.0,0.7527319730958955,1.51,1.0,0.9959009118050512
apel,istockphoto-185689098-612x612.jpg,246844.0,2030.0,0.7527319730958955,1.51,1.0,0.9959009118050512
apel,istockphoto-186843005-612x612.jpg,320775.0,2272.0,0.780896944628473,0.86,1.0,0.9964679788265116
apel,istockphoto-186843005-612x612.jpg,320775.0,2272.0,0.780896944628473,0.86,1.0,0.9964679788265116
apel,istockphoto-187185922-612x612.jpg,373321.0,2444.0,0.7853981633974482,1.0,1.0,0.9967346960570721
apel,istockphoto-187185922-612x612.jpg,373321.0,2444.0,0.7853981633974482,1.0,1.0,0.9967346960570721
apel,istockphoto-2218780905-612x612.jpg,358657.0,2396.0,0.7850829543107144,0.96,1.0,0.9966681116891201
apel,istockphoto-2218780905-612x612.jpg,358657.0,2396.0,0.7850829543107144,0.96,1.0,0.9966681116891201
apel,istockphoto-2218780960-612x612.jpg,369655.0,2432.0,0.785379041753278,1.01,1.0,0.99671854440346
apel,istockphoto-2218780960-612x612.jpg,369655.0,2432.0,0.785379041753278,1.01,1.0,0.99671854440346
apel,istockphoto-465833631-612x612.jpg,353769.0,2380.0,0.7848302319524099,1.06,1.0,0.9966446923597025
apel,istockphoto-465833631-612x612.jpg,353769.0,2380.0,0.7848302319524099,1.06,1.0,0.9966446923597025
apel,istockphoto-466413957-612x612.jpg,346437.0,2356.0,0.7843024306194256,0.93,1.0,0.9966083264291632
apel,istockphoto-466413957-612x612.jpg,346437.0,2356.0,0.7843024306194256,0.93,1.0,0.9966083264291632
apel,istockphoto-471597370-612x612.jpg,373321.0,2444.0,0.7853981633974482,1.0,1.0,0.9967346960570721
apel,istockphoto-471597370-612x612.jpg,373321.0,2444.0,0.7853981633974482,1.0,1.0,0.9967346960570721
apel,istockphoto-479800900-612x612.jpg,373321.0,2444.0,0.7853981633974482,1.0,1.0,0.9967346960570721
apel,istockphoto-479800900-612x612.jpg,373321.0,2444.0,0.7853981633974482,1.0,1.0,0.9967346960570721
apel,istockphoto-483874492-612x612.jpg,239073.0,4256.7,0.1658057264936598,1.0,0.7563088214359153,0.6383041778803025
apel,istockphoto-483874492-612x612.jpg,239073.0,4256.7,0.1658057264936598,1.0,0.7563088214359153,0.6383041778803025
apel,istockphoto-488957174-612x612.jpg,367822.0,2426.0,0.7853549266218772,0.99,1.0,0.9967103480419255
apel,istockphoto-488957174-612x612.jpg,367822.0,2426.0,0.7853549266218772,0.99,1.0,0.9967103480419255
apel,istockphoto-501044585-612x612.jpg,367211.0,2424.0,0.7853446965421157,0.98,1.0,0.9967075977677893
apel,istockphoto-501044585-612x612.jpg,367211.0,2424.0,0.7853446965421157,0.98,1.0,0.9967075977677893
apel,istockphoto-517715916-612x612.jpg,180415.0,4958.0,0.0922287953451872,1.5,0.8209525716339875,0.7225386069460464
apel,istockphoto-517715916-612x612.jpg,180415.0,4958.0,0.0922287953451872,1.5,0.8209525716339875,0.7225386069460464
apel,istockphoto-586052010-612x612.jpg,367822.0,2426.0,0.7853549266218772,0.99,1.0,0.9967103480419255
apel,istockphoto-586052010-612x612.jpg,367822.0,2426.0,0.7853549266218772,0.99,1.0,0.9967103480419255
apel,istockphoto-609822514-612x612.jpg,336050.0,2322.0,0.783230034429948,1.11,1.0,0.996554096532745
apel,istockphoto-609822514-612x612.jpg,336050.0,2322.0,0.783230034429948,1.11,1.0,0.996554096532745
apel,istockphoto-613780354-612x612.jpg,367822.0,2426.0,0.7853549266218772,1.01,1.0,0.9967103480419255
apel,istockphoto-613780354-612x612.jpg,367822.0,2426.0,0.7853549266218772,1.01,1.0,0.9967103480419255
apel,istockphoto-616108408-612x612.jpg,279838.0,2138.0,0.769309597540746,1.33,1.0,0.9961909237187976
apel,istockphoto-616108408-612x612.jpg,279838.0,2138.0,0.769309597540746,1.33,1.0,0.9961909237187976
apel,istockphoto-625771024-612x612.jpg,358046.0,2394.0,0.7850555679418618,1.04,1.0,0.9966652191825055
apel,istockphoto-625771024-612x612.jpg,358046.0,2394.0,0.7850555679418618,1.04,1.0,0.9966652191825055
apel,istockphoto-667661104-612x612.jpg,248677.0,2036.0,0.753858673847898,1.5,1.0,0.9959190375496604
apel,istockphoto-667661104-612x612.jpg,248677.0,2036.0,0.753858673847898,1.5,1.0,0.9959190375496604
apel,istockphoto-667680664-612x612.jpg,248677.0,2036.0,0.753858673847898,1.5,1.0,0.9959190375496604
apel,istockphoto-667680664-612x612.jpg,248677.0,2036.0,0.753858673847898,1.5,1.0,0.9959190375496604
apel,istockphoto-92360356-612x612.jpg,248677.0,2036.0,0.753858673847898,1.5,1.0,0.9959190375496604
apel,istockphoto-92360356-612x612.jpg,248677.0,2036.0,0.753858673847898,1.5,1.0,0.9959190375496604
apel,istockphoto-92655916-612x612.jpg,347659.0,2360.0,0.7844031602659967,0.93,1.0,0.9966144937507166
apel,istockphoto-92655916-612x612.jpg,347659.0,2360.0,0.7844031602659967,0.93,1.0,0.9966144937507166
apel,istockphoto-95484841-612x612.jpg,373321.0,2444.0,0.7853981633974482,1.0,1.0,0.9967346960570721
apel,istockphoto-95484841-612x612.jpg,373321.0,2444.0,0.7853981633974482,1.0,1.0,0.9967346960570721
mangga,istockphoto-1019837036-612x612.jpg,248677.0,2036.0,0.753858673847898,1.5,1.0,0.9959190375496604
mangga,istockphoto-1019837036-612x612.jpg,248677.0,2036.0,0.753858673847898,1.5,1.0,0.9959190375496604
mangga,istockphoto-1149286249-612x612.jpg,373321.0,2444.0,0.7853981633974482,1.0,1.0,0.9967346960570721
mangga,istockphoto-1149286249-612x612.jpg,373321.0,2444.0,0.7853981633974482,1.0,1.0,0.9967346960570721
mangga,istockphoto-1171367229-612x612.jpg,296335.0,2192.0,0.7750178643986855,0.79,1.0,0.996311762016192
mangga,istockphoto-1171367229-612x612.jpg,296335.0,2192.0,0.7750178643986855,0.79,1.0,0.996311762016192
mangga,istockphoto-1171367243-612x612.jpg,318942.0,2266.0,0.7805518658500897,0.85,1.0,0.9964570914407828
mangga,istockphoto-1171367243-612x612.jpg,318942.0,2266.0,0.7805518658500897,0.85,1.0,0.9964570914407828
mangga,istockphoto-1195116522-612x612.jpg,248677.0,2036.0,0.753858673847898,1.5,1.0,0.9959190375496604
mangga,istockphoto-1195116522-612x612.jpg,248677.0,2036.0,0.753858673847898,1.5,1.0,0.9959190375496604
mangga,istockphoto-1195116554-612x612.jpg,248677.0,2036.0,0.753858673847898,0.67,1.0,0.9959190375496604
mangga,istockphoto-1195116554-612x612.jpg,248677.0,2036.0,0.753858673847898,0.67,1.0,0.9959190375496604
mangga,istockphoto-1195117589-612x612.jpg,248677.0,2036.0,0.753858673847898,0.67,1.0,0.9959190375496604
mangga,istockphoto-1195117589-612x612.jpg,248677.0,2036.0,0.753858673847898,0.67,1.0,0.9959190375496604
mangga,istockphoto-1195117744-612x612.jpg,248677.0,2036.0,0.753858673847898,0.67,1.0,0.9959190375496604
mangga,istockphoto-1195117744-612x612.jpg,248677.0,2036.0,0.753858673847898,0.67,1.0,0.9959190375496604
mangga,istockphoto-1195117749-612x612.jpg,248677.0,2036.0,0.753858673847898,1.5,1.0,0.9959190375496604
mangga,istockphoto-1195117749-612x612.jpg,248677.0,2036.0,0.753858673847898,1.5,1.0,0.9959190375496604
mangga,istockphoto-1195117759-612x612.jpg,248677.0,2036.0,0.753858673847898,0.67,1.0,0.9959190375496604
mangga,istockphoto-1195117759-612x612.jpg,248677.0,2036.0,0.753858673847898,0.67,1.0,0.9959190375496604
mangga,istockphoto-119597188-612x612.jpg,260897.0,2076.0,0.760718978010566,1.43,1.0,0.9960333822002321
mangga,istockphoto-119597188-612x612.jpg,260897.0,2076.0,0.760718978010566,1.43,1.0,0.9960333822002321
mangga,istockphoto-1197428679-612x612.jpg,248677.0,2036.0,0.753858673847898,1.5,1.0,0.9959190375496604
mangga,istockphoto-1197428679-612x612.jpg,248677.0,2036.0,0.753858673847898,1.5,1.0,0.9959190375496604
mangga,istockphoto-1206575305-612x612.jpg,239512.0,2006.0,0.7479546799746309,1.56,1.0,0.9958256415373613
mangga,istockphoto-1206575305-612x612.jpg,239512.0,2006.0,0.7479546799746309,1.56,1.0,0.9958256415373613
mangga,istockphoto-1206825656-612x612.jpg,248677.0,2036.0,0.753858673847898,1.5,1.0,0.9959190375496604
mangga,istockphoto-1206825656-612x612.jpg,248677.0,2036.0,0.753858673847898,1.5,1.0,0.9959190375496604
mangga,istockphoto-1209795414-612x612.jpg,248677.0,2036.0,0.753858673847898,1.5,1.0,0.9959190375496604
mangga,istockphoto-1209795414-612x612.jpg,248677.0,2036.0,0.753858673847898,1.5,1.0,0.9959190375496604
mangga,istockphoto-1214491990-612x612.jpg,373321.0,2444.0,0.7853981633974482,1.0,1.0,0.9967346960570721
mangga,istockphoto-1214491990-612x612.jpg,373321.0,2444.0,0.7853981633974482,1.0,1.0,0.9967346960570721
mangga,istockphoto-1220524504-612x612.jpg,248677.0,2036.0,0.753858673847898,0.67,1.0,0.9959190375496604
mangga,istockphoto-1220524504-612x612.jpg,248677.0,2036.0,0.753858673847898,0.67,1.0,0.9959190375496604
mangga,istockphoto-1220524506-612x612.jpg,248677.0,2036.0,0.753858673847898,1.5,1.0,0.9959190375496604
mangga,istockphoto-1220524506-612x612.jpg,248677.0,2036.0,0.753858673847898,1.5,1.0,0.9959190375496604
mangga,istockphoto-1220993696-612x612.jpg,316498.0,2258.0,0.780068891300266,0.85,1.0,0.9964423791353407
mangga,istockphoto-1220993696-612x612.jpg,316498.0,2258.0,0.780068891300266,0.85,1.0,0.9964423791353407
mangga,istockphoto-1223382354-612x612.jpg,255398.0,2058.0,0.7577686173292553,1.46,1.0,0.9959832779571653
mangga,istockphoto-1223382354-612x612.jpg,255398.0,2058.0,0.7577686173292553,1.46,1.0,0.9959832779571653
mangga,istockphoto-1223746290-612x612.jpg,265785.0,2092.0,0.763162410050089,1.4,1.0,0.9960761827666846
mangga,istockphoto-1223746290-612x612.jpg,265785.0,2092.0,0.763162410050089,1.4,1.0,0.9960761827666846
mangga,istockphoto-1225492835-612x612.jpg,341549.0,2340.0,0.7838467596178977,0.92,1.0,0.9965832166199813
mangga,istockphoto-1225492835-612x612.jpg,341549.0,2340.0,0.7838467596178977,0.92,1.0,0.9965832166199813
mangga,istockphoto-1253272655-612x612.jpg,248677.0,2036.0,0.753858673847898,1.5,1.0,0.9959190375496604
mangga,istockphoto-1253272655-612x612.jpg,248677.0,2036.0,0.753858673847898,1.5,1.0,0.9959190375496604
mangga,istockphoto-1272230724-612x612.jpg,248677.0,2036.0,0.753858673847898,1.5,1.0,0.9959190375496604
mangga,istockphoto-1272230724-612x612.jpg,248677.0,2036.0,0.753858673847898,1.5,1.0,0.9959190375496604
mangga,istockphoto-1312182523-612x612.jpg,295113.0,2188.0,0.7746465119522179,1.26,1.0,0.9963032733754659
mangga,istockphoto-1312182523-612x612.jpg,295113.0,2188.0,0.7746465119522179,1.26,1.0,0.9963032733754659
mangga,istockphoto-1312509574-612x612.jpg,373321.0,2444.0,0.7853981633974482,1.0,1.0,0.9967346960570721
mangga,istockphoto-1312509574-612x612.jpg,373321.0,2444.0,0.7853981633974482,1.0,1.0,0.9967346960570721
mangga,istockphoto-1313488206-612x612.jpg,225459.0,1960.0,0.7375055581900263,1.65,1.0,0.9956677265500795
mangga,istockphoto-1313488206-612x612.jpg,225459.0,1960.0,0.7375055581900263,1.65,1.0,0.9956677265500795
mangga,istockphoto-1400453203-612x612.jpg,236457.0,1996.0,0.7458319184359518,1.58,1.0,0.9957929047907823
mangga,istockphoto-1400453203-612x612.jpg,236457.0,1996.0,0.7458319184359518,1.58,1.0,0.9957929047907823
mangga,istockphoto-1473375455-612x612.jpg,248677.0,2036.0,0.753858673847898,0.67,1.0,0.9959190375496604
mangga,istockphoto-1473375455-612x612.jpg,248677.0,2036.0,0.753858673847898,0.67,1.0,0.9959190375496604
mangga,istockphoto-1498024534-612x612.jpg,248677.0,2036.0,0.753858673847898,1.5,1.0,0.9959190375496604
mangga,istockphoto-1498024534-612x612.jpg,248677.0,2036.0,0.753858673847898,1.5,1.0,0.9959190375496604
mangga,istockphoto-1606733996-612x612.jpg,240298.5,2303.4,0.5691420182785756,1.5,0.9663077003502536,0.9623642349096502
mangga,istockphoto-1606733996-612x612.jpg,240298.5,2303.4,0.5691420182785756,1.5,0.9663077003502536,0.9623642349096502
mangga,istockphoto-2148796316-612x612.jpg,371026.5,3125.4,0.4773226262572176,1.0,0.9938538148135251,0.9906085800333205
mangga,istockphoto-2148796316-612x612.jpg,371026.5,3125.4,0.4773226262572176,1.0,0.9938538148135251,0.9906085800333205
mangga,istockphoto-2149491226-612x612.jpg,373321.0,2444.0,0.7853981633974482,1.0,1.0,0.9967346960570721
mangga,istockphoto-2149491226-612x612.jpg,373321.0,2444.0,0.7853981633974482,1.0,1.0,0.9967346960570721
mangga,istockphoto-2149491920-612x612.jpg,373321.0,2444.0,0.7853981633974482,1.0,1.0,0.9967346960570721
mangga,istockphoto-2149491920-612x612.jpg,373321.0,2444.0,0.7853981633974482,1.0,1.0,0.9967346960570721
mangga,istockphoto-2195988779-612x612.jpg,340327.0,2336.0,0.7837193914036503,0.91,1.0,0.9965768266685407
mangga,istockphoto-2195988779-612x612.jpg,340327.0,2336.0,0.7837193914036503,0.91,1.0,0.9965768266685407
mangga,istockphoto-2204068631-612x612.jpg,287781.0,2164.0,0.772249202581244,1.3,1.0,0.9962508308408109
mangga,istockphoto-2204068631-612x612.jpg,287781.0,2164.0,0.772249202581244,1.3,1.0,0.9962508308408109
mangga,istockphoto-2211104455-612x612.jpg,331773.0,2308.0,0.7826710946323738,0.89,1.0,0.9965307814302191
mangga,istockphoto-2211104455-612x612.jpg,331773.0,2308.0,0.7826710946323738,0.89,1.0,0.9965307814302191
mangga,istockphoto-2215332555-612x612.jpg,304889.0,2220.0,0.7774020311341112,0.82,1.0,0.9963692810457516
mangga,istockphoto-2215332555-612x612.jpg,304889.0,2220.0,0.7774020311341112,0.82,1.0,0.9963692810457516
mangga,istockphoto-2218376023-612x612.jpg,248677.0,2036.0,0.753858673847898,1.5,1.0,0.9959190375496604
mangga,istockphoto-2218376023-612x612.jpg,248677.0,2036.0,0.753858673847898,1.5,1.0,0.9959190375496604
mangga,istockphoto-2227962460-612x612.jpg,271895.0,2112.0,0.7659902779103147,0.73,1.0,0.9961275242533486
mangga,istockphoto-2227962460-612x612.jpg,271895.0,2112.0,0.7659902779103147,0.73,1.0,0.9961275242533486
mangga,istockphoto-469591494-612x612.jpg,248677.0,2036.0,0.753858673847898,1.5,1.0,0.9959190375496604
mangga,istockphoto-469591494-612x612.jpg,248677.0,2036.0,0.753858673847898,1.5,1.0,0.9959190375496604
mangga,istockphoto-494835429-612x612.jpg,259064.0,2070.0,0.7597596762674379,0.69,1.0,0.9960169165705498
mangga,istockphoto-494835429-612x612.jpg,259064.0,2070.0,0.7597596762674379,0.69,1.0,0.9960169165705498
mangga,istockphoto-514853138-612x612.jpg,248677.0,2036.0,0.753858673847898,1.5,1.0,0.9959190375496604
mangga,istockphoto-514853138-612x612.jpg,248677.0,2036.0,0.753858673847898,1.5,1.0,0.9959190375496604
mangga,istockphoto-514853306-612x612.jpg,248677.0,2036.0,0.753858673847898,1.5,1.0,0.9959190375496604
mangga,istockphoto-514853306-612x612.jpg,248677.0,2036.0,0.753858673847898,1.5,1.0,0.9959190375496604
mangga,istockphoto-518802266-612x612.jpg,292669.0,2180.0,0.7738799598800363,1.27,1.0,0.9962860838779957
mangga,istockphoto-518802266-612x612.jpg,292669.0,2180.0,0.7738799598800363,1.27,1.0,0.9962860838779957
mangga,istockphoto-579128056-612x612.jpg,248677.0,2036.0,0.753858673847898,1.5,1.0,0.9959190375496604
mangga,istockphoto-579128056-612x612.jpg,248677.0,2036.0,0.753858673847898,1.5,1.0,0.9959190375496604
mangga,istockphoto-811121870-612x612.jpg,248677.0,2036.0,0.753858673847898,1.5,1.0,0.9959190375496604
mangga,istockphoto-811121870-612x612.jpg,248677.0,2036.0,0.753858673847898,1.5,1.0,0.9959190375496604
mangga,istockphoto-813739486-612x612.jpg,246844.0,2030.0,0.7527319730958955,1.51,1.0,0.9959009118050512
mangga,istockphoto-813739486-612x612.jpg,246844.0,2030.0,0.7527319730958955,1.51,1.0,0.9959009118050512
mangga,istockphoto-943109786-612x612.jpg,226075.5,2173.6,0.6013285337336922,1.65,0.9973288453818362,0.9930226122707148
mangga,istockphoto-943109786-612x612.jpg,226075.5,2173.6,0.6013285337336922,1.65,0.9973288453818362,0.9930226122707148
mangga,istockphoto-978261872-612x612.jpg,248066.0,2034.0,0.7534860403672529,1.5,1.0,0.99591302532479
mangga,istockphoto-978261872-612x612.jpg,248066.0,2034.0,0.7534860403672529,1.5,1.0,0.99591302532479
nanas,istockphoto-1008429106-612x612.jpg,211406.0,1914.0,0.725175805754883,0.57,1.0,0.9954888775875383
nanas,istockphoto-1008429106-612x612.jpg,211406.0,1914.0,0.725175805754883,0.57,1.0,0.9954888775875383
nanas,istockphoto-1132807691-612x612.jpg,210795.0,1912.0,0.7245934325964405,0.57,1.0,0.9954805621670634
nanas,istockphoto-1132807691-612x612.jpg,210795.0,1912.0,0.7245934325964405,0.57,1.0,0.9954805621670634
nanas,istockphoto-1132807783-612x612.jpg,230347.0,1976.0,0.7413418952290319,0.62,1.0,0.9957248331431338
nanas,istockphoto-1132807783-612x612.jpg,230347.0,1976.0,0.7413418952290319,0.62,1.0,0.9957248331431338
nanas,istockphoto-120521928-612x612.jpg,194909.0,1860.0,0.7079716528136581,0.52,1.0,0.9952461192810458
nanas,istockphoto-120521928-612x612.jpg,194909.0,1860.0,0.7079716528136581,0.52,1.0,0.9952461192810458
nanas,istockphoto-121158297-612x612.jpg,242567.0,2016.0,0.7499987256740869,0.65,1.0,0.9958575557526194
nanas,istockphoto-121158297-612x612.jpg,242567.0,2016.0,0.7499987256740869,0.65,1.0,0.9958575557526194
nanas,istockphoto-1255490998-612x612.jpg,236457.0,1996.0,0.7458319184359518,0.63,1.0,0.9957929047907823
nanas,istockphoto-1255490998-612x612.jpg,236457.0,1996.0,0.7458319184359518,0.63,1.0,0.9957929047907823
nanas,istockphoto-1293845097-612x612.jpg,248677.0,2036.0,0.753858673847898,0.67,1.0,0.9959190375496604
nanas,istockphoto-1293845097-612x612.jpg,248677.0,2036.0,0.753858673847898,0.67,1.0,0.9959190375496604
nanas,istockphoto-135729530-612x612.jpg,248066.0,2034.0,0.7534860403672529,0.67,1.0,0.99591302532479
nanas,istockphoto-135729530-612x612.jpg,248066.0,2034.0,0.7534860403672529,0.67,1.0,0.99591302532479
nanas,istockphoto-1366787876-612x612.jpg,248677.0,2036.0,0.753858673847898,0.67,1.0,0.9959190375496604
nanas,istockphoto-1366787876-612x612.jpg,248677.0,2036.0,0.753858673847898,0.67,1.0,0.9959190375496604
nanas,istockphoto-144231660-612x612.jpg,248677.0,2036.0,0.753858673847898,0.67,1.0,0.9959190375496604
nanas,istockphoto-144231660-612x612.jpg,248677.0,2036.0,0.753858673847898,0.67,1.0,0.9959190375496604
nanas,istockphoto-144871786-612x612.jpg,246233.0,2028.0,0.752350508921816,0.66,1.0,0.9958948100692422
nanas,istockphoto-144871786-612x612.jpg,246233.0,2028.0,0.752350508921816,0.66,1.0,0.9958948100692422
nanas,istockphoto-152953394-612x612.jpg,248677.0,2036.0,0.753858673847898,0.67,1.0,0.9959190375496604
nanas,istockphoto-152953394-612x612.jpg,248677.0,2036.0,0.753858673847898,0.67,1.0,0.9959190375496604
nanas,istockphoto-152985782-612x612.jpg,249899.0,2040.0,0.7545952158202958,0.67,1.0,0.9959309740156225
nanas,istockphoto-152985782-612x612.jpg,249899.0,2040.0,0.7545952158202958,0.67,1.0,0.9959309740156225
nanas,istockphoto-152995139-612x612.jpg,253565.0,2052.0,0.756736109883284,0.68,1.0,0.9959660947712419
nanas,istockphoto-152995139-612x612.jpg,253565.0,2052.0,0.756736109883284,0.68,1.0,0.9959660947712419
nanas,istockphoto-155135289-612x612.jpg,248677.0,2036.0,0.753858673847898,0.67,1.0,0.9959190375496604
nanas,istockphoto-155135289-612x612.jpg,248677.0,2036.0,0.753858673847898,0.67,1.0,0.9959190375496604
nanas,istockphoto-172923656-612x612.jpg,252343.0,2048.0,0.7560338163230983,0.68,1.0,0.9959545009630261
nanas,istockphoto-172923656-612x612.jpg,252343.0,2048.0,0.7560338163230983,0.68,1.0,0.9959545009630261
nanas,istockphoto-172932390-612x612.jpg,248677.0,2036.0,0.753858673847898,0.67,1.0,0.9959190375496604
nanas,istockphoto-172932390-612x612.jpg,248677.0,2036.0,0.753858673847898,0.67,1.0,0.9959190375496604
nanas,istockphoto-173935152-612x612.jpg,248677.0,2036.0,0.753858673847898,0.67,1.0,0.9959190375496604
nanas,istockphoto-173935152-612x612.jpg,248677.0,2036.0,0.753858673847898,0.67,1.0,0.9959190375496604
nanas,istockphoto-174841598-612x612.jpg,248677.0,2036.0,0.753858673847898,0.67,1.0,0.9959190375496604
nanas,istockphoto-174841598-612x612.jpg,248677.0,2036.0,0.753858673847898,0.67,1.0,0.9959190375496604
nanas,istockphoto-176123145-612x612.jpg,234624.0,1990.0,0.7445196179448516,0.63,1.0,0.995772854596384
nanas,istockphoto-176123145-612x612.jpg,234624.0,1990.0,0.7445196179448516,0.63,1.0,0.995772854596384
nanas,istockphoto-178499769-612x612.jpg,248677.0,2036.0,0.753858673847898,0.67,1.0,0.9959190375496604
nanas,istockphoto-178499769-612x612.jpg,248677.0,2036.0,0.753858673847898,0.67,1.0,0.9959190375496604
nanas,istockphoto-178740379-612x612.jpg,225459.0,1960.0,0.7375055581900263,0.6,1.0,0.9956677265500795
nanas,istockphoto-178740379-612x612.jpg,225459.0,1960.0,0.7375055581900263,0.6,1.0,0.9956677265500795
nanas,istockphoto-178782647-612x612.jpg,247455.0,2032.0,0.7531104784995798,0.66,1.0,0.9959069834830484
nanas,istockphoto-178782647-612x612.jpg,247455.0,2032.0,0.7531104784995798,0.66,1.0,0.9959069834830484
nanas,istockphoto-182231981-612x612.jpg,248677.0,2036.0,0.753858673847898,0.67,1.0,0.9959190375496604
nanas,istockphoto-182231981-612x612.jpg,248677.0,2036.0,0.753858673847898,0.67,1.0,0.9959190375496604
nanas,istockphoto-182473485-612x612.jpg,265785.0,2092.0,0.763162410050089,0.71,1.0,0.9960761827666846
nanas,istockphoto-182473485-612x612.jpg,265785.0,2092.0,0.763162410050089,0.71,1.0,0.9960761827666846
nanas,istockphoto-185144690-612x612.jpg,234624.0,1990.0,0.7445196179448516,0.63,1.0,0.995772854596384
nanas,istockphoto-185144690-612x612.jpg,234624.0,1990.0,0.7445196179448516,0.63,1.0,0.995772854596384
nanas,istockphoto-186807261-612x612.jpg,218127.0,1936.0,0.7313219093103067,0.58,1.0,0.9955772811918063
nanas,istockphoto-186807261-612x612.jpg,218127.0,1936.0,0.7313219093103067,0.58,1.0,0.9955772811918063
nanas,istockphoto-186928771-612x612.jpg,246844.0,2030.0,0.7527319730958955,0.66,1.0,0.9959009118050512
nanas,istockphoto-186928771-612x612.jpg,246844.0,2030.0,0.7527319730958955,0.66,1.0,0.9959009118050512
nanas,istockphoto-2096261549-612x612.jpg,213850.0,1922.0,0.7274654165635402,0.57,1.0,0.9955216654563059
nanas,istockphoto-2096261549-612x612.jpg,213850.0,1922.0,0.7274654165635402,0.57,1.0,0.9955216654563059
nanas,istockphoto-2181463479-612x612.jpg,212628.0,1918.0,0.7263285451667377,0.57,1.0,0.9955053654699703
nanas,istockphoto-2181463479-612x612.jpg,212628.0,1918.0,0.7263285451667377,0.57,1.0,0.9955053654699703
nanas,istockphoto-2188481129-612x612.jpg,243178.0,2018.0,0.750398267244609,0.65,1.0,0.9958638426130686
nanas,istockphoto-2188481129-612x612.jpg,243178.0,2018.0,0.750398267244609,0.65,1.0,0.9958638426130686
nanas,istockphoto-2230793089-612x612.jpg,248677.0,2036.0,0.753858673847898,0.67,1.0,0.9959190375496604
nanas,istockphoto-2230793089-612x612.jpg,248677.0,2036.0,0.753858673847898,0.67,1.0,0.9959190375496604
nanas,istockphoto-453794089-612x612.jpg,248677.0,2036.0,0.753858673847898,0.67,1.0,0.9959190375496604
nanas,istockphoto-453794089-612x612.jpg,248677.0,2036.0,0.753858673847898,0.67,1.0,0.9959190375496604
nanas,istockphoto-464711675-612x612.jpg,195520.0,1862.0,0.7086661670632116,0.52,1.0,0.9952558385763444
nanas,istockphoto-464711675-612x612.jpg,195520.0,1862.0,0.7086661670632116,0.52,1.0,0.9952558385763444
nanas,istockphoto-465732960-612x612.jpg,248066.0,2034.0,0.7534860403672529,0.67,1.0,0.99591302532479
nanas,istockphoto-465732960-612x612.jpg,248066.0,2034.0,0.7534860403672529,0.67,1.0,0.99591302532479
nanas,istockphoto-467176151-612x612.jpg,254176.0,2054.0,0.7570830557601425,0.68,1.0,0.9959718499710036
nanas,istockphoto-467176151-612x612.jpg,254176.0,2054.0,0.7570830557601425,0.68,1.0,0.9959718499710036
nanas,istockphoto-469985451-612x612.jpg,251121.0,2044.0,0.7553202239212113,0.67,1.0,0.9959427945935656
nanas,istockphoto-469985451-612x612.jpg,251121.0,2044.0,0.7553202239212113,0.67,1.0,0.9959427945935656
nanas,istockphoto-470221128-612x612.jpg,248677.0,2036.0,0.753858673847898,0.67,1.0,0.9959190375496604
nanas,istockphoto-470221128-612x612.jpg,248677.0,2036.0,0.753858673847898,0.67,1.0,0.9959190375496604
nanas,istockphoto-478386400-612x612.jpg,248677.0,2036.0,0.753858673847898,0.67,1.0,0.9959190375496604
nanas,istockphoto-478386400-612x612.jpg,248677.0,2036.0,0.753858673847898,0.67,1.0,0.9959190375496604
nanas,istockphoto-480636761-612x612.jpg,230347.0,1976.0,0.7413418952290319,0.62,1.0,0.9957248331431338
nanas,istockphoto-480636761-612x612.jpg,230347.0,1976.0,0.7413418952290319,0.62,1.0,0.9957248331431338
nanas,istockphoto-495507915-612x612.jpg,248066.0,2034.0,0.7534860403672529,0.67,1.0,0.99591302532479
nanas,istockphoto-495507915-612x612.jpg,248066.0,2034.0,0.7534860403672529,0.67,1.0,0.99591302532479
nanas,istockphoto-510798092-612x612.jpg,191243.0,1848.0,0.7037063630864218,0.51,1.0,0.995186503476125
nanas,istockphoto-510798092-612x612.jpg,191243.0,1848.0,0.7037063630864218,0.51,1.0,0.995186503476125
nanas,istockphoto-534502336-612x612.jpg,248677.0,2036.0,0.753858673847898,0.67,1.0,0.9959190375496604
nanas,istockphoto-534502336-612x612.jpg,248677.0,2036.0,0.753858673847898,0.67,1.0,0.9959190375496604
nanas,istockphoto-541148662-612x612.jpg,228514.0,1970.0,0.7399292985054168,0.61,1.0,0.9957037037037038
nanas,istockphoto-541148662-612x612.jpg,228514.0,1970.0,0.7399292985054168,0.61,1.0,0.9957037037037038
nanas,istockphoto-578576926-612x612.jpg,248677.0,2036.0,0.753858673847898,0.67,1.0,0.9959190375496604
nanas,istockphoto-578576926-612x612.jpg,248677.0,2036.0,0.753858673847898,0.67,1.0,0.9959190375496604
nanas,istockphoto-586703630-612x612.jpg,248677.0,2036.0,0.753858673847898,0.67,1.0,0.9959190375496604
nanas,istockphoto-586703630-612x612.jpg,248677.0,2036.0,0.753858673847898,0.67,1.0,0.9959190375496604
nanas,istockphoto-89897437-612x612.jpg,248677.0,2036.0,0.753858673847898,0.67,1.0,0.9959190375496604
nanas,istockphoto-89897437-612x612.jpg,248677.0,2036.0,0.753858673847898,0.67,1.0,0.9959190375496604
nanas,istockphoto-91830998-612x612.jpg,249899.0,2040.0,0.7545952158202958,0.67,1.0,0.9959309740156225
nanas,istockphoto-91830998-612x612.jpg,249899.0,2040.0,0.7545952158202958,0.67,1.0,0.9959309740156225
nanas,istockphoto-92364805-612x612.jpg,248677.0,2036.0,0.753858673847898,0.67,1.0,0.9959190375496604
nanas,istockphoto-92364805-612x612.jpg,248677.0,2036.0,0.753858673847898,0.67,1.0,0.9959190375496604
nanas,istockphoto-96777024-612x612.jpg,249899.0,2040.0,0.7545952158202958,0.67,1.0,0.9959309740156225
nanas,istockphoto-96777024-612x612.jpg,249899.0,2040.0,0.7545952158202958,0.67,1.0,0.9959309740156225
pear,istockphoto-1063364654-612x612.jpg,301223.0,2208.0,0.7764256162474715,0.81,1.0,0.9963450292397661
pear,istockphoto-1063364654-612x612.jpg,301223.0,2208.0,0.7764256162474715,0.81,1.0,0.9963450292397661
pear,istockphoto-1076679510-612x612.jpg,298168.0,2198.0,0.7755602109416712,0.8,1.0,0.9963243647834048
pear,istockphoto-1076679510-612x612.jpg,298168.0,2198.0,0.7755602109416712,0.8,1.0,0.9963243647834048
pear,istockphoto-1087019400-612x612.jpg,248677.0,2036.0,0.753858673847898,1.5,1.0,0.9959190375496604
pear,istockphoto-1087019400-612x612.jpg,248677.0,2036.0,0.753858673847898,1.5,1.0,0.9959190375496604
pear,istockphoto-1087020114-612x612.jpg,248677.0,2036.0,0.753858673847898,0.67,1.0,0.9959190375496604
pear,istockphoto-1087020114-612x612.jpg,248677.0,2036.0,0.753858673847898,0.67,1.0,0.9959190375496604
pear,istockphoto-1087030692-612x612.jpg,248677.0,2036.0,0.753858673847898,1.5,1.0,0.9959190375496604
pear,istockphoto-1087030692-612x612.jpg,248677.0,2036.0,0.753858673847898,1.5,1.0,0.9959190375496604
pear,istockphoto-1095545676-612x612.jpg,295724.0,2190.0,0.7748331735286487,0.79,1.0,0.9963075264470049
pear,istockphoto-1095545676-612x612.jpg,295724.0,2190.0,0.7748331735286487,0.79,1.0,0.9963075264470049
pear,istockphoto-1129868297-612x612.jpg,330551.0,2304.0,0.7824982768771397,0.89,1.0,0.9965240093577407
pear,istockphoto-1129868297-612x612.jpg,330551.0,2304.0,0.7824982768771397,0.89,1.0,0.9965240093577407
pear,istockphoto-1132339646-612x612.jpg,294502.0,2186.0,0.7744578697738844,0.79,1.0,0.9962990026928645
pear,istockphoto-1132339646-612x612.jpg,294502.0,2186.0,0.7744578697738844,0.79,1.0,0.9962990026928645
pear,istockphoto-1133583592-612x612.jpg,310999.0,2240.0,0.7788840670230963,0.83,1.0,0.9964084326541074
pear,istockphoto-1133583592-612x612.jpg,310999.0,2240.0,0.7788840670230963,0.83,1.0,0.9964084326541074
pear,istockphoto-1134196638-612x612.jpg,367822.0,2426.0,0.7853549266218772,0.99,1.0,0.9967103480419255
pear,istockphoto-1134196638-612x612.jpg,367822.0,2426.0,0.7853549266218772,0.99,1.0,0.9967103480419255
pear,istockphoto-1135477663-612x612.jpg,262730.0,2082.0,0.7616546178050979,0.7,1.0,0.9960496186100116
pear,istockphoto-1135477663-612x612.jpg,262730.0,2082.0,0.7616546178050979,0.7,1.0,0.9960496186100116
pear,istockphoto-1185499614-612x612.jpg,373321.0,2444.0,0.7853981633974482,1.0,1.0,0.9967346960570721
pear,istockphoto-1185499614-612x612.jpg,373321.0,2444.0,0.7853981633974482,1.0,1.0,0.9967346960570721
pear,istockphoto-1226207985-612x612.jpg,351936.0,2374.0,0.7847153146263526,0.94,1.0,0.996635742685289
pear,istockphoto-1226207985-612x612.jpg,351936.0,2374.0,0.7847153146263526,0.94,1.0,0.996635742685289
pear,istockphoto-123692448-612x612.jpg,332384.0,2310.0,0.7827552951187495,1.12,1.0,0.9965341488277268
pear,istockphoto-123692448-612x612.jpg,332384.0,2310.0,0.7827552951187495,1.12,1.0,0.9965341488277268
pear,istockphoto-1279302542-612x612.jpg,248677.0,2036.0,0.753858673847898,0.67,1.0,0.9959190375496604
pear,istockphoto-1279302542-612x612.jpg,248677.0,2036.0,0.753858673847898,0.67,1.0,0.9959190375496604
pear,istockphoto-1301925621-612x612.jpg,274950.0,2122.0,0.7673134818525316,0.74,1.0,0.9961523412025564
pear,istockphoto-1301925621-612x612.jpg,274950.0,2122.0,0.7673134818525316,0.74,1.0,0.9961523412025564
pear,istockphoto-1326454417-612x612.jpg,248677.0,2036.0,0.753858673847898,1.5,1.0,0.9959190375496604
pear,istockphoto-1326454417-612x612.jpg,248677.0,2036.0,0.753858673847898,1.5,1.0,0.9959190375496604
pear,istockphoto-1366928819-612x612.jpg,359268.0,2398.0,0.7851091571791463,0.96,1.0,0.9966709943739805
pear,istockphoto-1366928819-612x612.jpg,359268.0,2398.0,0.7851091571791463,0.96,1.0,0.9966709943739805
pear,istockphoto-1393602097-612x612.jpg,317109.0,2260.0,0.7801921096305158,0.85,1.0,0.9964460784313726
pear,istockphoto-1393602097-612x612.jpg,317109.0,2260.0,0.7801921096305158,0.85,1.0,0.9964460784313726
pear,istockphoto-140477023-612x612.jpg,255398.0,2058.0,0.7577686173292553,0.68,1.0,0.9959832779571653
pear,istockphoto-140477023-612x612.jpg,255398.0,2058.0,0.7577686173292553,0.68,1.0,0.9959832779571653
pear,istockphoto-144292180-612x612.jpg,248677.0,2036.0,0.753858673847898,1.5,1.0,0.9959190375496604
pear,istockphoto-144292180-612x612.jpg,248677.0,2036.0,0.753858673847898,1.5,1.0,0.9959190375496604
pear,istockphoto-147083227-612x612.jpg,249899.0,2040.0,0.7545952158202958,0.67,1.0,0.9959309740156225
pear,istockphoto-147083227-612x612.jpg,249899.0,2040.0,0.7545952158202958,0.67,1.0,0.9959309740156225
pear,istockphoto-147083228-612x612.jpg,290836.0,2174.0,0.7732838632356139,0.78,1.0,0.9962730025623108
pear,istockphoto-147083228-612x612.jpg,290836.0,2174.0,0.7732838632356139,0.78,1.0,0.9962730025623108
pear,istockphoto-155273577-612x612.jpg,279227.0,2136.0,0.7690680643962577,0.75,1.0,0.9961861746154066
pear,istockphoto-155273577-612x612.jpg,279227.0,2136.0,0.7690680643962577,0.75,1.0,0.9961861746154066
pear,istockphoto-1675181598-612x612.jpg,373321.0,2444.0,0.7853981633974482,1.0,1.0,0.9967346960570721
pear,istockphoto-1675181598-612x612.jpg,373321.0,2444.0,0.7853981633974482,1.0,1.0,0.9967346960570721
pear,istockphoto-175545299-612x612.jpg,248677.0,2036.0,0.753858673847898,0.67,1.0,0.9959190375496604
pear,istockphoto-175545299-612x612.jpg,248677.0,2036.0,0.753858673847898,0.67,1.0,0.9959190375496604
pear,istockphoto-177284411-612x612.jpg,248677.0,2036.0,0.753858673847898,0.67,1.0,0.9959190375496604
pear,istockphoto-177284411-612x612.jpg,248677.0,2036.0,0.753858673847898,0.67,1.0,0.9959190375496604
pear,istockphoto-178501930-612x612.jpg,248677.0,2036.0,0.753858673847898,0.67,1.0,0.9959190375496604
pear,istockphoto-178501930-612x612.jpg,248677.0,2036.0,0.753858673847898,0.67,1.0,0.9959190375496604
pear,istockphoto-181877576-612x612.jpg,273117.0,2116.0,0.7665266711905006,0.73,1.0,0.9961375175070029
pear,istockphoto-181877576-612x612.jpg,273117.0,2116.0,0.7665266711905006,0.73,1.0,0.9961375175070029
pear,istockphoto-184977324-612x612.jpg,340938.0,2338.0,0.7837837580097755,0.91,1.0,0.9965800273597811
pear,istockphoto-184977324-612x612.jpg,340938.0,2338.0,0.7837837580097755,0.91,1.0,0.9965800273597811
pear,istockphoto-2220579022-612x612.jpg,311610.0,2242.0,0.7790225583799314,0.83,1.0,0.9964122635355512
pear,istockphoto-2220579022-612x612.jpg,311610.0,2242.0,0.7790225583799314,0.83,1.0,0.9964122635355512
pear,istockphoto-2242248675-612x612.jpg,306111.0,2224.0,0.7777127775340184,0.82,1.0,0.9963772361534255
pear,istockphoto-2242248675-612x612.jpg,306111.0,2224.0,0.7777127775340184,0.82,1.0,0.9963772361534255
pear,istockphoto-465341926-612x612.jpg,298779.0,2200.0,0.7757371168982684,0.8,1.0,0.996328531412565
pear,istockphoto-465341926-612x612.jpg,298779.0,2200.0,0.7757371168982684,0.8,1.0,0.996328531412565
pear,istockphoto-466531300-612x612.jpg,373321.0,2444.0,0.7853981633974482,1.0,1.0,0.9967346960570721
pear,istockphoto-466531300-612x612.jpg,373321.0,2444.0,0.7853981633974482,1.0,1.0,0.9967346960570721
pear,istockphoto-467486600-612x612.jpg,373321.0,2444.0,0.7853981633974482,1.0,1.0,0.9967346960570721
pear,istockphoto-467486600-612x612.jpg,373321.0,2444.0,0.7853981633974482,1.0,1.0,0.9967346960570721
pear,istockphoto-469077826-612x612.jpg,298779.0,2200.0,0.7757371168982684,0.8,1.0,0.996328531412565
pear,istockphoto-469077826-612x612.jpg,298779.0,2200.0,0.7757371168982684,0.8,1.0,0.996328531412565
pear,istockphoto-469257342-612x612.jpg,298779.0,2200.0,0.7757371168982684,0.8,1.0,0.996328531412565
pear,istockphoto-469257342-612x612.jpg,298779.0,2200.0,0.7757371168982684,0.8,1.0,0.996328531412565
pear,istockphoto-482155234-612x612.jpg,373321.0,2444.0,0.7853981633974482,1.0,1.0,0.9967346960570721
pear,istockphoto-482155234-612x612.jpg,373321.0,2444.0,0.7853981633974482,1.0,1.0,0.9967346960570721
pear,istockphoto-526075659-612x612.jpg,298168.0,2198.0,0.7755602109416712,0.8,1.0,0.9963243647834048
pear,istockphoto-526075659-612x612.jpg,298168.0,2198.0,0.7755602109416712,0.8,1.0,0.9963243647834048
pear,istockphoto-531932353-612x612.jpg,248677.0,2036.0,0.753858673847898,0.67,1.0,0.9959190375496604
pear,istockphoto-531932353-612x612.jpg,248677.0,2036.0,0.753858673847898,0.67,1.0,0.9959190375496604
pear,istockphoto-628329026-612x612.jpg,248066.0,2034.0,0.7534860403672529,1.5,1.0,0.99591302532479
pear,istockphoto-628329026-612x612.jpg,248066.0,2034.0,0.7534860403672529,1.5,1.0,0.99591302532479
pear,istockphoto-825296046-612x612.jpg,248066.0,2034.0,0.7534860403672529,1.5,1.0,0.99591302532479
pear,istockphoto-825296046-612x612.jpg,248066.0,2034.0,0.7534860403672529,1.5,1.0,0.99591302532479
pear,istockphoto-841873650-612x612.jpg,248677.0,2036.0,0.753858673847898,0.67,1.0,0.9959190375496604
pear,istockphoto-841873650-612x612.jpg,248677.0,2036.0,0.753858673847898,0.67,1.0,0.9959190375496604
pear,istockphoto-875187092-612x612.jpg,279838.0,2138.0,0.769309597540746,0.75,1.0,0.9961909237187976
pear,istockphoto-875187092-612x612.jpg,279838.0,2138.0,0.769309597540746,0.75,1.0,0.9961909237187976
pear,istockphoto-887973968-612x612.jpg,220571.0,1944.0,0.7334419647188715,0.59,1.0,0.9956080959087134
pear,istockphoto-887973968-612x612.jpg,220571.0,1944.0,0.7334419647188715,0.59,1.0,0.9956080959087134
pear,istockphoto-891632100-612x612.jpg,362934.0,2410.0,0.7852418437271795,1.03,1.0,0.9966880869995057
pear,istockphoto-891632100-612x612.jpg,362934.0,2410.0,0.7852418437271795,1.03,1.0,0.9966880869995057
pear,istockphoto-948034382-612x612.jpg,248677.0,2036.0,0.753858673847898,1.5,1.0,0.9959190375496604
pear,istockphoto-948034382-612x612.jpg,248677.0,2036.0,0.753858673847898,1.5,1.0,0.9959190375496604
pear,istockphoto-98261151-612x612.jpg,248677.0,2036.0,0.753858673847898,0.67,1.0,0.9959190375496604
pear,istockphoto-98261151-612x612.jpg,248677.0,2036.0,0.753858673847898,0.67,1.0,0.9959190375496604
pear,istockphoto-98430804-612x612.jpg,249288.0,2038.0,0.7542283940056419,0.67,1.0,0.9959250203748982
pear,istockphoto-98430804-612x612.jpg,249288.0,2038.0,0.7542283940056419,0.67,1.0,0.9959250203748982
pear,istockphoto-998836878-612x612.jpg,276172.0,2126.0,0.7678263087989143,0.74,1.0,0.996162114588293
pear,istockphoto-998836878-612x612.jpg,276172.0,2126.0,0.7678263087989143,0.74,1.0,0.996162114588293
pisang,istockphoto-111833285-612x612.jpg,249899.0,2040.0,0.7545952158202958,1.49,1.0,0.9959309740156225
pisang,istockphoto-111833285-612x612.jpg,249899.0,2040.0,0.7545952158202958,1.49,1.0,0.9959309740156225
pisang,istockphoto-1142556015-612x612.jpg,262730.0,2082.0,0.7616546178050979,1.42,1.0,0.9960496186100116
pisang,istockphoto-1142556015-612x612.jpg,262730.0,2082.0,0.7616546178050979,1.42,1.0,0.9960496186100116
pisang,istockphoto-1145222158-612x612.jpg,248677.0,2036.0,0.753858673847898,1.5,1.0,0.9959190375496604
pisang,istockphoto-1145222158-612x612.jpg,248677.0,2036.0,0.753858673847898,1.5,1.0,0.9959190375496604
pisang,istockphoto-1145692762-612x612.jpg,282893.0,2148.0,0.7704837990144375,1.32,1.0,0.9962143621816543
pisang,istockphoto-1145692762-612x612.jpg,282893.0,2148.0,0.7704837990144375,1.32,1.0,0.9962143621816543
pisang,istockphoto-1146065629-612x612.jpg,285948.0,2158.0,0.77160324718739,1.3,1.0,0.9962373008905054
pisang,istockphoto-1146065629-612x612.jpg,285948.0,2158.0,0.77160324718739,1.3,1.0,0.9962373008905054
pisang,istockphoto-1146507783-612x612.jpg,263952.0,2086.0,0.7622654100893903,1.41,1.0,0.9960603178915908
pisang,istockphoto-1146507783-612x612.jpg,263952.0,2086.0,0.7622654100893903,1.41,1.0,0.9960603178915908
pisang,istockphoto-1148078328-612x612.jpg,284726.0,2154.0,0.7711619503314491,1.31,1.0,0.9962281843501141
pisang,istockphoto-1148078328-612x612.jpg,284726.0,2154.0,0.7711619503314491,1.31,1.0,0.9962281843501141
pisang,istockphoto-1153426278-612x612.jpg,243789.0,2020.0,0.75079475681404,1.53,1.0,0.9958700980392157
pisang,istockphoto-1153426278-612x612.jpg,243789.0,2020.0,0.75079475681404,1.53,1.0,0.9958700980392157
pisang,istockphoto-1403991086-612x612.jpg,333606.0,2314.0,0.782919315513982,1.12,1.0,0.9965408466860236
pisang,istockphoto-1403991086-612x612.jpg,333606.0,2314.0,0.782919315513982,1.12,1.0,0.9965408466860236
pisang,istockphoto-1454764028-612x612.jpg,276172.0,2126.0,0.7678263087989143,1.35,1.0,0.996162114588293
pisang,istockphoto-1454764028-612x612.jpg,276172.0,2126.0,0.7678263087989143,1.35,1.0,0.996162114588293
pisang,istockphoto-1461328229-612x612.jpg,212017.0,1916.0,0.7257541695208651,1.76,1.0,0.9954971452182405
pisang,istockphoto-1461328229-612x612.jpg,212017.0,1916.0,0.7257541695208651,1.76,1.0,0.9954971452182405
pisang,istockphoto-147069390-612x612.jpg,245011.0,2024.0,0.7515786428946406,1.52,1.0,0.9958825155269405
pisang,istockphoto-147069390-612x612.jpg,245011.0,2024.0,0.7515786428946406,1.52,1.0,0.9958825155269405
pisang,istockphoto-148327893-612x612.jpg,248677.0,2036.0,0.753858673847898,1.5,1.0,0.9959190375496604
pisang,istockphoto-148327893-612x612.jpg,248677.0,2036.0,0.753858673847898,1.5,1.0,0.9959190375496604
pisang,istockphoto-151555636-612x612.jpg,248677.0,2036.0,0.753858673847898,1.5,1.0,0.9959190375496604
pisang,istockphoto-151555636-612x612.jpg,248677.0,2036.0,0.753858673847898,1.5,1.0,0.9959190375496604
pisang,istockphoto-152172736-612x612.jpg,248677.0,2036.0,0.753858673847898,1.5,1.0,0.9959190375496604
pisang,istockphoto-152172736-612x612.jpg,248677.0,2036.0,0.753858673847898,1.5,1.0,0.9959190375496604
pisang,istockphoto-153152189-612x612.jpg,278005.0,2132.0,0.768578214627485,1.34,1.0,0.996176613920422
pisang,istockphoto-153152189-612x612.jpg,278005.0,2132.0,0.768578214627485,1.34,1.0,0.996176613920422
pisang,istockphoto-153687315-612x612.jpg,248677.0,2036.0,0.753858673847898,1.5,1.0,0.9959190375496604
pisang,istockphoto-153687315-612x612.jpg,248677.0,2036.0,0.753858673847898,1.5,1.0,0.9959190375496604
pisang,istockphoto-155428659-612x612.jpg,248677.0,2036.0,0.753858673847898,1.5,1.0,0.9959190375496604
pisang,istockphoto-155428659-612x612.jpg,248677.0,2036.0,0.753858673847898,1.5,1.0,0.9959190375496604
pisang,istockphoto-160420996-612x612.jpg,248677.0,2036.0,0.753858673847898,1.5,1.0,0.9959190375496604
pisang,istockphoto-160420996-612x612.jpg,248677.0,2036.0,0.753858673847898,1.5,1.0,0.9959190375496604
pisang,istockphoto-173915234-612x612.jpg,248677.0,2036.0,0.753858673847898,1.5,1.0,0.9959190375496604
pisang,istockphoto-173915234-612x612.jpg,248677.0,2036.0,0.753858673847898,1.5,1.0,0.9959190375496604
pisang,istockphoto-174192325-612x612.jpg,341549.0,2340.0,0.7838467596178977,0.92,1.0,0.9965832166199813
pisang,istockphoto-174192325-612x612.jpg,341549.0,2340.0,0.7838467596178977,0.92,1.0,0.9965832166199813
pisang,istockphoto-175129786-612x612.jpg,289614.0,2170.0,0.7728762256805236,1.29,1.0,0.9962641898864809
pisang,istockphoto-175129786-612x612.jpg,289614.0,2170.0,0.7728762256805236,1.29,1.0,0.9962641898864809
pisang,istockphoto-176810394-612x612.jpg,268840.0,2102.0,0.7646071015607264,1.39,1.0,0.9961021445615283
pisang,istockphoto-176810394-612x612.jpg,268840.0,2102.0,0.7646071015607264,1.39,1.0,0.9961021445615283
pisang,istockphoto-177100013-612x612.jpg,249899.0,2040.0,0.7545952158202958,1.49,1.0,0.9959309740156225
pisang,istockphoto-177100013-612x612.jpg,249899.0,2040.0,0.7545952158202958,1.49,1.0,0.9959309740156225
pisang,istockphoto-178377154-612x612.jpg,248677.0,2036.0,0.753858673847898,1.5,1.0,0.9959190375496604
pisang,istockphoto-178377154-612x612.jpg,248677.0,2036.0,0.753858673847898,1.5,1.0,0.9959190375496604
pisang,istockphoto-178564443-612x612.jpg,249899.0,2040.0,0.7545952158202958,1.49,1.0,0.9959309740156225
pisang,istockphoto-178564443-612x612.jpg,249899.0,2040.0,0.7545952158202958,1.49,1.0,0.9959309740156225
pisang,istockphoto-179066874-612x612.jpg,248677.0,2036.0,0.753858673847898,1.5,1.0,0.9959190375496604
pisang,istockphoto-179066874-612x612.jpg,248677.0,2036.0,0.753858673847898,1.5,1.0,0.9959190375496604
pisang,istockphoto-184758160-612x612.jpg,278005.0,2132.0,0.768578214627485,1.34,1.0,0.996176613920422
pisang,istockphoto-184758160-612x612.jpg,278005.0,2132.0,0.768578214627485,1.34,1.0,0.996176613920422
pisang,istockphoto-185302736-612x612.jpg,248677.0,2036.0,0.753858673847898,1.5,1.0,0.9959190375496604
pisang,istockphoto-185302736-612x612.jpg,248677.0,2036.0,0.753858673847898,1.5,1.0,0.9959190375496604
pisang,istockphoto-186012002-612x612.jpg,246844.0,2030.0,0.7527319730958955,1.51,1.0,0.9959009118050512
pisang,istockphoto-186012002-612x612.jpg,246844.0,2030.0,0.7527319730958955,1.51,1.0,0.9959009118050512
pisang,istockphoto-2209570997-612x612.jpg,248677.0,2036.0,0.753858673847898,1.5,1.0,0.9959190375496604
pisang,istockphoto-2209570997-612x612.jpg,248677.0,2036.0,0.753858673847898,1.5,1.0,0.9959190375496604
pisang,istockphoto-453270811-612x612.jpg,291447.0,2176.0,0.7734845998043364,1.28,1.0,0.9962773812453852
pisang,istockphoto-453270811-612x612.jpg,291447.0,2176.0,0.7734845998043364,1.28,1.0,0.9962773812453852
pisang,istockphoto-462433767-612x612.jpg,247455.0,2032.0,0.7531104784995798,1.51,1.0,0.9959069834830484
pisang,istockphoto-462433767-612x612.jpg,247455.0,2032.0,0.7531104784995798,1.51,1.0,0.9959069834830484
pisang,istockphoto-468554282-612x612.jpg,248677.0,2036.0,0.753858673847898,1.5,1.0,0.9959190375496604
pisang,istockphoto-468554282-612x612.jpg,248677.0,2036.0,0.753858673847898,1.5,1.0,0.9959190375496604
pisang,istockphoto-486818690-612x612.jpg,311610.0,2242.0,0.7790225583799314,1.2,1.0,0.9964122635355512
pisang,istockphoto-486818690-612x612.jpg,311610.0,2242.0,0.7790225583799314,1.2,1.0,0.9964122635355512
pisang,istockphoto-490514186-612x612.jpg,278005.0,2132.0,0.768578214627485,1.34,1.0,0.996176613920422
pisang,istockphoto-490514186-612x612.jpg,278005.0,2132.0,0.768578214627485,1.34,1.0,0.996176613920422
pisang,istockphoto-495671192-612x612.jpg,298779.0,2200.0,0.7757371168982684,1.25,1.0,0.996328531412565
pisang,istockphoto-495671192-612x612.jpg,298779.0,2200.0,0.7757371168982684,1.25,1.0,0.996328531412565
pisang,istockphoto-499360203-612x612.jpg,231569.0,1980.0,0.7422665740221761,1.61,1.0,0.9957387340901273
pisang,istockphoto-499360203-612x612.jpg,231569.0,1980.0,0.7422665740221761,1.61,1.0,0.9957387340901273
pisang,istockphoto-499436327-612x612.jpg,316498.0,2258.0,0.780068891300266,1.18,1.0,0.9964423791353407
pisang,istockphoto-499436327-612x612.jpg,316498.0,2258.0,0.780068891300266,1.18,1.0,0.9964423791353407
pisang,istockphoto-512335536-612x612.jpg,286559.0,2160.0,0.7718206869170418,0.77,1.0,0.9962418300653595
pisang,istockphoto-512335536-612x612.jpg,286559.0,2160.0,0.7718206869170418,0.77,1.0,0.9962418300653595
pisang,istockphoto-519124142-612x612.jpg,248677.0,2036.0,0.753858673847898,1.5,1.0,0.9959190375496604
pisang,istockphoto-519124142-612x612.jpg,248677.0,2036.0,0.753858673847898,1.5,1.0,0.9959190375496604
pisang,istockphoto-874426588-612x612.jpg,301834.0,2210.0,0.7765930075171448,1.24,1.0,0.9963491120353866
pisang,istockphoto-874426588-612x612.jpg,301834.0,2210.0,0.7765930075171448,1.24,1.0,0.9963491120353866
pisang,istockphoto-89486138-612x612.jpg,248677.0,2036.0,0.753858673847898,1.5,1.0,0.9959190375496604
pisang,istockphoto-89486138-612x612.jpg,248677.0,2036.0,0.753858673847898,1.5,1.0,0.9959190375496604
pisang,istockphoto-89924216-612x612.jpg,247455.0,2032.0,0.7531104784995798,1.51,1.0,0.9959069834830484
pisang,istockphoto-89924216-612x612.jpg,247455.0,2032.0,0.7531104784995798,1.51,1.0,0.9959069834830484
pisang,istockphoto-91710396-612x612.jpg,279838.0,2138.0,0.769309597540746,1.33,1.0,0.9961909237187976
pisang,istockphoto-91710396-612x612.jpg,279838.0,2138.0,0.769309597540746,1.33,1.0,0.9961909237187976
pisang,istockphoto-93029283-612x612.jpg,279838.0,2138.0,0.769309597540746,1.33,1.0,0.9961909237187976
pisang,istockphoto-93029283-612x612.jpg,279838.0,2138.0,0.769309597540746,1.33,1.0,0.9961909237187976
pisang,istockphoto-93385142-612x612.jpg,248066.0,2034.0,0.7534860403672529,1.5,1.0,0.99591302532479
pisang,istockphoto-93385142-612x612.jpg,248066.0,2034.0,0.7534860403672529,1.5,1.0,0.99591302532479
pisang,istockphoto-953956760-612x612.jpg,248677.0,2036.0,0.753858673847898,1.5,1.0,0.9959190375496604
pisang,istockphoto-953956760-612x612.jpg,248677.0,2036.0,0.753858673847898,1.5,1.0,0.9959190375496604
pisang,istockphoto-96891345-612x612.jpg,248066.0,2034.0,0.7534860403672529,1.5,1.0,0.99591302532479
pisang,istockphoto-96891345-612x612.jpg,248066.0,2034.0,0.7534860403672529,1.5,1.0,0.99591302532479
pisang,istockphoto-97689079-612x612.jpg,240123.0,2008.0,0.7483697210738142,1.55,1.0,0.99583208918085
pisang,istockphoto-97689079-612x612.jpg,240123.0,2008.0,0.7483697210738142,1.55,1.0,0.99583208918085
strawberry,istockphoto-1014791658-612x612.jpg,373321.0,2444.0,0.7853981633974482,1.0,1.0,0.9967346960570721
strawberry,istockphoto-1014791658-612x612.jpg,373321.0,2444.0,0.7853981633974482,1.0,1.0,0.9967346960570721
strawberry,istockphoto-1015639098-612x612.jpg,248677.0,2036.0,0.753858673847898,1.5,1.0,0.9959190375496604
strawberry,istockphoto-1015639098-612x612.jpg,248677.0,2036.0,0.753858673847898,1.5,1.0,0.9959190375496604
strawberry,istockphoto-1015653774-612x612.jpg,311610.0,2242.0,0.7790225583799314,1.2,1.0,0.9964122635355512
strawberry,istockphoto-1015653774-612x612.jpg,311610.0,2242.0,0.7790225583799314,1.2,1.0,0.9964122635355512
strawberry,istockphoto-1032609648-612x612.jpg,248677.0,2036.0,0.753858673847898,1.5,1.0,0.9959190375496604
strawberry,istockphoto-1032609648-612x612.jpg,248677.0,2036.0,0.753858673847898,1.5,1.0,0.9959190375496604
strawberry,istockphoto-1056607410-612x612.jpg,248677.0,2036.0,0.753858673847898,1.5,1.0,0.9959190375496604
strawberry,istockphoto-1056607410-612x612.jpg,248677.0,2036.0,0.753858673847898,1.5,1.0,0.9959190375496604
strawberry,istockphoto-1127160154-612x612.jpg,234624.0,1990.0,0.7445196179448516,1.59,1.0,0.995772854596384
strawberry,istockphoto-1127160154-612x612.jpg,234624.0,1990.0,0.7445196179448516,1.59,1.0,0.995772854596384
strawberry,istockphoto-1140086188-612x612.jpg,225459.0,1960.0,0.7375055581900263,1.65,1.0,0.9956677265500795
strawberry,istockphoto-1140086188-612x612.jpg,225459.0,1960.0,0.7375055581900263,1.65,1.0,0.9956677265500795
strawberry,istockphoto-1166348633-612x612.jpg,346437.0,2356.0,0.7843024306194256,0.93,1.0,0.9966083264291632
strawberry,istockphoto-1166348633-612x612.jpg,346437.0,2356.0,0.7843024306194256,0.93,1.0,0.9966083264291632
strawberry,istockphoto-1170534449-612x612.jpg,373321.0,2444.0,0.7853981633974482,1.0,1.0,0.9967346960570721
strawberry,istockphoto-1170534449-612x612.jpg,373321.0,2444.0,0.7853981633974482,1.0,1.0,0.9967346960570721
strawberry,istockphoto-1173920026-612x612.jpg,363545.0,2412.0,0.7852599229180942,1.03,1.0,0.9966909023117076
strawberry,istockphoto-1173920026-612x612.jpg,363545.0,2412.0,0.7852599229180942,1.03,1.0,0.9966909023117076
strawberry,istockphoto-1173921402-612x612.jpg,363545.0,2412.0,0.7852599229180942,1.03,1.0,0.9966909023117076
strawberry,istockphoto-1173921402-612x612.jpg,363545.0,2412.0,0.7852599229180942,1.03,1.0,0.9966909023117076
strawberry,istockphoto-1177590220-612x612.jpg,298779.0,2200.0,0.7757371168982684,1.25,1.0,0.996328531412565
strawberry,istockphoto-1177590220-612x612.jpg,298779.0,2200.0,0.7757371168982684,1.25,1.0,0.996328531412565
strawberry,istockphoto-1180163150-612x612.jpg,296335.0,2192.0,0.7750178643986855,1.26,1.0,0.996311762016192
strawberry,istockphoto-1180163150-612x612.jpg,296335.0,2192.0,0.7750178643986855,1.26,1.0,0.996311762016192
strawberry,istockphoto-1180163291-612x612.jpg,294502.0,2186.0,0.7744578697738844,1.27,1.0,0.9962990026928645
strawberry,istockphoto-1180163291-612x612.jpg,294502.0,2186.0,0.7744578697738844,1.27,1.0,0.9962990026928645
strawberry,istockphoto-1181149583-612x612.jpg,248677.0,2036.0,0.753858673847898,1.5,1.0,0.9959190375496604
strawberry,istockphoto-1181149583-612x612.jpg,248677.0,2036.0,0.753858673847898,1.5,1.0,0.9959190375496604
strawberry,istockphoto-1210359754-612x612.jpg,324441.0,2284.0,0.7815439332195384,1.15,1.0,0.9964893852277753
strawberry,istockphoto-1210359754-612x612.jpg,324441.0,2284.0,0.7815439332195384,1.15,1.0,0.9964893852277753
strawberry,istockphoto-1249538191-612x612.jpg,248677.0,2036.0,0.753858673847898,1.5,1.0,0.9959190375496604
strawberry,istockphoto-1249538191-612x612.jpg,248677.0,2036.0,0.753858673847898,1.5,1.0,0.9959190375496604
strawberry,istockphoto-1250636720-612x612.jpg,330551.0,2304.0,0.7824982768771397,1.13,1.0,0.9965240093577407
strawberry,istockphoto-1250636720-612x612.jpg,330551.0,2304.0,0.7824982768771397,1.13,1.0,0.9965240093577407
strawberry,istockphoto-1297530672-612x612.jpg,342771.0,2344.0,0.7839686946438128,1.09,1.0,0.9965895610913404
strawberry,istockphoto-1297530672-612x612.jpg,342771.0,2344.0,0.7839686946438128,1.09,1.0,0.9965895610913404
strawberry,istockphoto-1309538077-612x612.jpg,248677.0,2036.0,0.753858673847898,1.5,1.0,0.9959190375496604
strawberry,istockphoto-1309538077-612x612.jpg,248677.0,2036.0,0.753858673847898,1.5,1.0,0.9959190375496604
strawberry,istockphoto-1310793420-612x612.jpg,317109.0,2260.0,0.7801921096305158,1.18,1.0,0.9964460784313726
strawberry,istockphoto-1310793420-612x612.jpg,317109.0,2260.0,0.7801921096305158,1.18,1.0,0.9964460784313726
strawberry,istockphoto-1310793536-612x612.jpg,318331.0,2264.0,0.7804335887340118,1.17,1.0,0.9964534345027922
strawberry,istockphoto-1310793536-612x612.jpg,318331.0,2264.0,0.7804335887340118,1.17,1.0,0.9964534345027922
strawberry,istockphoto-1318910681-612x612.jpg,320775.0,2272.0,0.780896944628473,1.16,1.0,0.9964679788265116
strawberry,istockphoto-1318910681-612x612.jpg,320775.0,2272.0,0.780896944628473,1.16,1.0,0.9964679788265116
strawberry,istockphoto-1323348967-612x612.jpg,304889.0,2220.0,0.7774020311341112,1.22,1.0,0.9963692810457516
strawberry,istockphoto-1323348967-612x612.jpg,304889.0,2220.0,0.7774020311341112,1.22,1.0,0.9963692810457516
strawberry,istockphoto-1353381547-612x612.jpg,320164.0,2270.0,0.7807835357518466,1.17,1.0,0.996464363523187
strawberry,istockphoto-1353381547-612x612.jpg,320164.0,2270.0,0.7807835357518466,1.17,1.0,0.996464363523187
strawberry,istockphoto-1372477142-612x612.jpg,373321.0,2444.0,0.7853981633974482,1.0,1.0,0.9967346960570721
strawberry,istockphoto-1372477142-612x612.jpg,373321.0,2444.0,0.7853981633974482,1.0,1.0,0.9967346960570721
strawberry,istockphoto-1372477301-612x612.jpg,373321.0,2444.0,0.7853981633974482,1.0,1.0,0.9967346960570721
strawberry,istockphoto-1372477301-612x612.jpg,373321.0,2444.0,0.7853981633974482,1.0,1.0,0.9967346960570721
strawberry,istockphoto-1374147644-612x612.jpg,373321.0,2444.0,0.7853981633974482,1.0,1.0,0.9967346960570721
strawberry,istockphoto-1374147644-612x612.jpg,373321.0,2444.0,0.7853981633974482,1.0,1.0,0.9967346960570721
strawberry,istockphoto-1385278889-612x612.jpg,373321.0,2444.0,0.7853981633974482,1.0,1.0,0.9967346960570721
strawberry,istockphoto-1385278889-612x612.jpg,373321.0,2444.0,0.7853981633974482,1.0,1.0,0.9967346960570721
strawberry,istockphoto-1419022553-612x612.jpg,289614.0,2170.0,0.7728762256805236,1.29,1.0,0.9962641898864809
strawberry,istockphoto-1419022553-612x612.jpg,289614.0,2170.0,0.7728762256805236,1.29,1.0,0.9962641898864809
strawberry,istockphoto-1468233943-612x612.jpg,341549.0,2340.0,0.7838467596178977,1.09,1.0,0.9965832166199813
strawberry,istockphoto-1468233943-612x612.jpg,341549.0,2340.0,0.7838467596178977,1.09,1.0,0.9965832166199813
strawberry,istockphoto-1472288451-612x612.jpg,320164.0,2270.0,0.7807835357518466,1.17,1.0,0.996464363523187
strawberry,istockphoto-1472288451-612x612.jpg,320164.0,2270.0,0.7807835357518466,1.17,1.0,0.996464363523187
strawberry,istockphoto-153588338-612x612.jpg,337272.0,2326.0,0.7833768461805177,1.11,1.0,0.9965606495762862
strawberry,istockphoto-153588338-612x612.jpg,337272.0,2326.0,0.7833768461805177,1.11,1.0,0.9965606495762862
strawberry,istockphoto-158359330-612x612.jpg,370266.0,2434.0,0.7853849062913022,1.01,1.0,0.9967212585198825
strawberry,istockphoto-158359330-612x612.jpg,370266.0,2434.0,0.7853849062913022,1.01,1.0,0.9967212585198825
strawberry,istockphoto-160547309-612x612.jpg,335439.0,2320.0,0.7831545021756142,1.11,1.0,0.9965508021390375
strawberry,istockphoto-160547309-612x612.jpg,335439.0,2320.0,0.7831545021756142,1.11,1.0,0.9965508021390375
strawberry,istockphoto-2165276131-612x612.jpg,245622.0,2026.0,0.7519660706570088,1.52,1.0,0.9958886780518659
strawberry,istockphoto-2165276131-612x612.jpg,245622.0,2026.0,0.7519660706570088,1.52,1.0,0.9958886780518659
strawberry,istockphoto-2167524192-612x612.jpg,373321.0,2444.0,0.7853981633974482,1.0,1.0,0.9967346960570721
strawberry,istockphoto-2167524192-612x612.jpg,373321.0,2444.0,0.7853981633974482,1.0,1.0,0.9967346960570721
strawberry,istockphoto-2174035026-612x612.jpg,373321.0,2444.0,0.7853981633974482,1.0,1.0,0.9967346960570721
strawberry,istockphoto-2174035026-612x612.jpg,373321.0,2444.0,0.7853981633974482,1.0,1.0,0.9967346960570721
strawberry,istockphoto-2175145468-612x612.jpg,245622.0,2026.0,0.7519660706570088,1.52,1.0,0.9958886780518659
strawberry,istockphoto-2175145468-612x612.jpg,245622.0,2026.0,0.7519660706570088,1.52,1.0,0.9958886780518659
strawberry,istockphoto-2205087484-612x612.jpg,372710.0,2442.0,0.7853976365819371,1.0,1.0,0.9967320261437909
strawberry,istockphoto-2205087484-612x612.jpg,372710.0,2442.0,0.7853976365819371,1.0,1.0,0.9967320261437909
strawberry,istockphoto-2211945863-612x612.jpg,203463.0,1888.0,0.7172843046149411,1.83,1.0,0.995376893272279
strawberry,istockphoto-2211945863-612x612.jpg,203463.0,1888.0,0.7172843046149411,1.83,1.0,0.995376893272279
strawberry,istockphoto-513685968-612x612.jpg,248677.0,2036.0,0.753858673847898,1.5,1.0,0.9959190375496604
strawberry,istockphoto-513685968-612x612.jpg,248677.0,2036.0,0.753858673847898,1.5,1.0,0.9959190375496604
strawberry,istockphoto-531797764-612x612.jpg,272506.0,2114.0,0.7662596678619897,0.73,1.0,0.9961325320583118
strawberry,istockphoto-531797764-612x612.jpg,272506.0,2114.0,0.7662596678619897,0.73,1.0,0.9961325320583118
strawberry,istockphoto-542794130-612x612.jpg,356824.0,2390.0,0.7849972213543351,1.05,1.0,0.9966594045025418
strawberry,istockphoto-542794130-612x612.jpg,356824.0,2390.0,0.7849972213543351,1.05,1.0,0.9966594045025418
strawberry,istockphoto-647413632-612x612.jpg,315887.0,2256.0,0.779944009484966,1.18,1.0,0.9964386655563127
strawberry,istockphoto-647413632-612x612.jpg,315887.0,2256.0,0.779944009484966,1.18,1.0,0.9964386655563127
strawberry,istockphoto-689987186-612x612.jpg,373321.0,2444.0,0.7853981633974482,1.0,1.0,0.9967346960570721
strawberry,istockphoto-689987186-612x612.jpg,373321.0,2444.0,0.7853981633974482,1.0,1.0,0.9967346960570721
strawberry,istockphoto-91350333-612x612.jpg,265785.0,2092.0,0.763162410050089,0.71,1.0,0.9960761827666846
strawberry,istockphoto-91350333-612x612.jpg,265785.0,2092.0,0.763162410050089,0.71,1.0,0.9960761827666846
strawberry,istockphoto-937411738-612x612.jpg,373321.0,2444.0,0.7853981633974482,1.0,1.0,0.9967346960570721
strawberry,istockphoto-937411738-612x612.jpg,373321.0,2444.0,0.7853981633974482,1.0,1.0,0.9967346960570721
strawberry,istockphoto-96991698-612x612.jpg,262119.0,2080.0,0.7613453446434014,1.42,1.0,0.9960442316461469
strawberry,istockphoto-96991698-612x612.jpg,262119.0,2080.0,0.7613453446434014,1.42,1.0,0.9960442316461469
strawberry,istockphoto-971654640-612x612.jpg,255398.0,2058.0,0.7577686173292553,1.46,1.0,0.9959832779571653
strawberry,istockphoto-971654640-612x612.jpg,255398.0,2058.0,0.7577686173292553,1.46,1.0,0.9959832779571653
