Kategori,Nama_File,GLCM_Contrast,GLCM_Dissimilarity,GLCM_Homogeneity,GLCM_Energy,GLCM_Correlation,GLCM_ASM,GLCM_Contrast_0deg,GLCM_Homogeneity_0deg,GLCM_Energy_0deg,GLCM_Contrast_45deg,GLCM_Homogeneity_45deg,GLCM_Energy_45deg,GLCM_Contrast_90deg,GLCM_Homogeneity_90deg,GLCM_Energy_90deg,GLCM_Contrast_135deg,GLCM_Homogeneity_135deg,GLCM_Energy_135deg
apel,istockphoto-104118859-612x612.jpg,2.592,0.6415,0.7998,0.5494,0.9888,0.3019,1.9387,0.8172,0.5509,3.1375,0.7869,0.5482,2.0798,0.811,0.5506,3.212,0.7841,0.5481
apel,istockphoto-104118859-612x612.jpg,2.592,0.6415,0.7998,0.5494,0.9888,0.3019,1.9387,0.8172,0.5509,3.1375,0.7869,0.5482,2.0798,0.811,0.5506,3.212,0.7841,0.5481
apel,istockphoto-1071724874-612x612.jpg,1.4664,0.5485,0.7954,0.4412,0.9929,0.1947,1.1537,0.816,0.4428,1.5879,0.7788,0.4398,1.0487,0.8144,0.4427,2.0752,0.7724,0.4396
apel,istockphoto-1071724874-612x612.jpg,1.4664,0.5485,0.7954,0.4412,0.9929,0.1947,1.1537,0.816,0.4428,1.5879,0.7788,0.4398,1.0487,0.8144,0.4427,2.0752,0.7724,0.4396
apel,istockphoto-1129330002-612x612.jpg,1.3058,0.4215,0.8519,0.5491,0.9937,0.3016,0.9755,0.8662,0.5503,1.607,0.839,0.5481,0.982,0.8653,0.5504,1.6584,0.8369,0.5477
apel,istockphoto-1129330002-612x612.jpg,1.3058,0.4215,0.8519,0.5491,0.9937,0.3016,0.9755,0.8662,0.5503,1.607,0.839,0.5481,0.982,0.8653,0.5504,1.6584,0.8369,0.5477
apel,istockphoto-1129330005-612x612.jpg,1.3157,0.4222,0.8497,0.5093,0.9941,0.2593,0.9807,0.8642,0.5105,1.6793,0.8335,0.5078,0.9915,0.8656,0.5108,1.6114,0.8355,0.5078
apel,istockphoto-1129330005-612x612.jpg,1.3157,0.4222,0.8497,0.5093,0.9941,0.2593,0.9807,0.8642,0.5105,1.6793,0.8335,0.5078,0.9915,0.8656,0.5108,1.6114,0.8355,0.5078
apel,istockphoto-1129330007-612x612.jpg,1.3301,0.4249,0.8512,0.5701,0.9937,0.325,1.0031,0.8676,0.5716,1.5942,0.8388,0.5691,0.9993,0.8624,0.5711,1.7239,0.8358,0.5687
apel,istockphoto-1129330007-612x612.jpg,1.3301,0.4249,0.8512,0.5701,0.9937,0.325,1.0031,0.8676,0.5716,1.5942,0.8388,0.5691,0.9993,0.8624,0.5711,1.7239,0.8358,0.5687
apel,istockphoto-1194909938-612x612.jpg,1.2021,0.4248,0.8435,0.5669,0.9939,0.3214,0.9451,0.8602,0.5681,1.4479,0.8298,0.5659,0.8673,0.8559,0.568,1.548,0.8282,0.5657
apel,istockphoto-1194909938-612x612.jpg,1.2021,0.4248,0.8435,0.5669,0.9939,0.3214,0.9451,0.8602,0.5681,1.4479,0.8298,0.5659,0.8673,0.8559,0.568,1.548,0.8282,0.5657
apel,istockphoto-1211615527-612x612.jpg,1.7368,0.587,0.7901,0.4216,0.9918,0.1777,1.2481,0.8133,0.4233,2.0707,0.7721,0.42,1.3713,0.8064,0.4232,2.2569,0.7687,0.4199
apel,istockphoto-1211615527-612x612.jpg,1.7368,0.587,0.7901,0.4216,0.9918,0.1777,1.2481,0.8133,0.4233,2.0707,0.7721,0.42,1.3713,0.8064,0.4232,2.2569,0.7687,0.4199
apel,istockphoto-1251667475-612x612.jpg,1.4034,0.4733,0.8315,0.4861,0.994,0.2363,1.0133,0.8502,0.4876,1.6099,0.8171,0.4846,1.1148,0.845,0.4876,1.8755,0.8137,0.4844
apel,istockphoto-1251667475-612x612.jpg,1.4034,0.4733,0.8315,0.4861,0.994,0.2363,1.0133,0.8502,0.4876,1.6099,0.8171,0.4846,1.1148,0.845,0.4876,1.8755,0.8137,0.4844
apel,istockphoto-1278670245-612x612.jpg,1.692,0.5151,0.8211,0.4946,0.9894,0.2446,1.2955,0.8366,0.4961,2.1621,0.8027,0.4929,1.1899,0.8404,0.4962,2.1205,0.8046,0.4931
apel,istockphoto-1278670245-612x612.jpg,1.692,0.5151,0.8211,0.4946,0.9894,0.2446,1.2955,0.8366,0.4961,2.1621,0.8027,0.4929,1.1899,0.8404,0.4962,2.1205,0.8046,0.4931
apel,istockphoto-1291262170-612x612.jpg,1.6937,0.5634,0.8028,0.518,0.9914,0.2683,1.2919,0.8206,0.5192,2.076,0.7885,0.5167,1.2829,0.8185,0.5192,2.1238,0.7838,0.5167
apel,istockphoto-1291262170-612x612.jpg,1.6937,0.5634,0.8028,0.518,0.9914,0.2683,1.2919,0.8206,0.5192,2.076,0.7885,0.5167,1.2829,0.8185,0.5192,2.1238,0.7838,0.5167
apel,istockphoto-1296217548-612x612.jpg,1.3115,0.5158,0.8023,0.4502,0.9918,0.2027,0.9479,0.822,0.4519,1.6329,0.7819,0.4486,1.0094,0.823,0.4518,1.6559,0.7822,0.4484
apel,istockphoto-1296217548-612x612.jpg,1.3115,0.5158,0.8023,0.4502,0.9918,0.2027,0.9479,0.822,0.4519,1.6329,0.7819,0.4486,1.0094,0.823,0.4518,1.6559,0.7822,0.4484
apel,istockphoto-1312496608-612x612.jpg,1.3322,0.5321,0.7945,0.439,0.9917,0.1928,1.0538,0.8143,0.4406,1.6297,0.7765,0.4376,0.9811,0.8139,0.4404,1.664,0.7734,0.4375
apel,istockphoto-1312496608-612x612.jpg,1.3322,0.5321,0.7945,0.439,0.9917,0.1928,1.0538,0.8143,0.4406,1.6297,0.7765,0.4376,0.9811,0.8139,0.4404,1.664,0.7734,0.4375
apel,istockphoto-1317485931-612x612.jpg,1.5097,0.5793,0.7823,0.4163,0.9922,0.1733,1.22,0.8007,0.4179,1.7924,0.7637,0.4146,1.0835,0.803,0.418,1.9426,0.7617,0.4146
apel,istockphoto-1317485931-612x612.jpg,1.5097,0.5793,0.7823,0.4163,0.9922,0.1733,1.22,0.8007,0.4179,1.7924,0.7637,0.4146,1.0835,0.803,0.418,1.9426,0.7617,0.4146
apel,istockphoto-139536288-612x612.jpg,2.7723,0.7289,0.7671,0.4913,0.9773,0.2414,2.3234,0.7808,0.4926,3.1674,0.7556,0.4901,2.115,0.7833,0.4929,3.4837,0.7485,0.4895
apel,istockphoto-139536288-612x612.jpg,2.7723,0.7289,0.7671,0.4913,0.9773,0.2414,2.3234,0.7808,0.4926,3.1674,0.7556,0.4901,2.115,0.7833,0.4929,3.4837,0.7485,0.4895
apel,istockphoto-145152710-612x612.jpg,1.4003,0.4286,0.8458,0.6162,0.9905,0.3797,1.1044,0.8593,0.6172,1.7989,0.8351,0.6151,1.0228,0.8585,0.6173,1.6749,0.8304,0.6152
apel,istockphoto-145152710-612x612.jpg,1.4003,0.4286,0.8458,0.6162,0.9905,0.3797,1.1044,0.8593,0.6172,1.7989,0.8351,0.6151,1.0228,0.8585,0.6173,1.6749,0.8304,0.6152
apel,istockphoto-146074221-612x612.jpg,1.0398,0.3542,0.8709,0.6477,0.9931,0.4195,0.7848,0.882,0.6486,1.3118,0.8596,0.6467,0.8233,0.8824,0.6487,1.2392,0.8594,0.6467
apel,istockphoto-146074221-612x612.jpg,1.0398,0.3542,0.8709,0.6477,0.9931,0.4195,0.7848,0.882,0.6486,1.3118,0.8596,0.6467,0.8233,0.8824,0.6487,1.2392,0.8594,0.6467
apel,istockphoto-146899851-612x612.jpg,0.9515,0.3514,0.868,0.6414,0.9928,0.4115,0.7618,0.8771,0.6428,1.2044,0.8548,0.6401,0.6832,0.8859,0.6425,1.1567,0.8543,0.6403
apel,istockphoto-146899851-612x612.jpg,0.9515,0.3514,0.868,0.6414,0.9928,0.4115,0.7618,0.8771,0.6428,1.2044,0.8548,0.6401,0.6832,0.8859,0.6425,1.1567,0.8543,0.6403
apel,istockphoto-147072004-612x612.jpg,0.9897,0.3221,0.8873,0.7217,0.9906,0.5209,0.7061,0.8989,0.7229,1.2097,0.8764,0.7208,0.8409,0.8958,0.7223,1.2023,0.878,0.7209
apel,istockphoto-147072004-612x612.jpg,0.9897,0.3221,0.8873,0.7217,0.9906,0.5209,0.7061,0.8989,0.7229,1.2097,0.8764,0.7208,0.8409,0.8958,0.7223,1.2023,0.878,0.7209
apel,istockphoto-147666530-612x612.jpg,1.5906,0.4908,0.8281,0.5547,0.9924,0.3077,1.2221,0.841,0.5562,1.9182,0.8142,0.5534,1.2202,0.8423,0.5557,2.0019,0.8149,0.5535
apel,istockphoto-147666530-612x612.jpg,1.5906,0.4908,0.8281,0.5547,0.9924,0.3077,1.2221,0.841,0.5562,1.9182,0.8142,0.5534,1.2202,0.8423,0.5557,2.0019,0.8149,0.5535
apel,istockphoto-1489396457-612x612.jpg,1.8435,0.7009,0.7408,0.3754,0.9874,0.1409,1.3747,0.7657,0.3773,2.3926,0.718,0.3733,1.4239,0.76,0.3771,2.1827,0.7194,0.3737
apel,istockphoto-1489396457-612x612.jpg,1.8435,0.7009,0.7408,0.3754,0.9874,0.1409,1.3747,0.7657,0.3773,2.3926,0.718,0.3733,1.4239,0.76,0.3771,2.1827,0.7194,0.3737
apel,istockphoto-1605993675-612x612.jpg,1.8167,0.6575,0.761,0.4242,0.9889,0.18,1.422,0.7812,0.4258,2.3549,0.7408,0.4224,1.3513,0.7806,0.426,2.1385,0.7415,0.4227
apel,istockphoto-1605993675-612x612.jpg,1.8167,0.6575,0.761,0.4242,0.9889,0.18,1.422,0.7812,0.4258,2.3549,0.7408,0.4224,1.3513,0.7806,0.426,2.1385,0.7415,0.4227
apel,istockphoto-166138544-612x612.jpg,1.3097,0.4292,0.8468,0.6074,0.9924,0.369,1.0958,0.8571,0.6083,1.6679,0.8337,0.6065,0.9315,0.8627,0.6085,1.5437,0.8339,0.6064
apel,istockphoto-166138544-612x612.jpg,1.3097,0.4292,0.8468,0.6074,0.9924,0.369,1.0958,0.8571,0.6083,1.6679,0.8337,0.6065,0.9315,0.8627,0.6085,1.5437,0.8339,0.6064
apel,istockphoto-172381794-612x612.jpg,1.3383,0.4291,0.8466,0.5098,0.9935,0.2598,1.0167,0.8629,0.5111,1.7486,0.8326,0.5084,1.0806,0.8569,0.5108,1.5071,0.834,0.5088
apel,istockphoto-172381794-612x612.jpg,1.3383,0.4291,0.8466,0.5098,0.9935,0.2598,1.0167,0.8629,0.5111,1.7486,0.8326,0.5084,1.0806,0.8569,0.5108,1.5071,0.834,0.5088
apel,istockphoto-177110145-612x612.jpg,2.4327,0.7337,0.7461,0.3097,0.9874,0.0959,1.8299,0.7669,0.3119,2.9904,0.7245,0.3074,1.9483,0.7683,0.3124,2.9624,0.7249,0.3073
apel,istockphoto-177110145-612x612.jpg,2.4327,0.7337,0.7461,0.3097,0.9874,0.0959,1.8299,0.7669,0.3119,2.9904,0.7245,0.3074,1.9483,0.7683,0.3124,2.9624,0.7249,0.3073
apel,istockphoto-177247793-612x612.jpg,1.7736,0.4451,0.8594,0.7031,0.9859,0.4943,1.441,0.8678,0.7038,2.1993,0.8502,0.7023,1.4075,0.8687,0.7037,2.0468,0.851,0.7025
apel,istockphoto-177247793-612x612.jpg,1.7736,0.4451,0.8594,0.7031,0.9859,0.4943,1.441,0.8678,0.7038,2.1993,0.8502,0.7023,1.4075,0.8687,0.7037,2.0468,0.851,0.7025
apel,istockphoto-179514712-612x612.jpg,0.7646,0.2879,0.8891,0.6653,0.9928,0.4427,0.5647,0.8985,0.6661,0.9252,0.8791,0.6646,0.5918,0.9024,0.6663,0.977,0.8763,0.6643
apel,istockphoto-179514712-612x612.jpg,0.7646,0.2879,0.8891,0.6653,0.9928,0.4427,0.5647,0.8985,0.6661,0.9252,0.8791,0.6646,0.5918,0.9024,0.6663,0.977,0.8763,0.6643
apel,istockphoto-185071735-612x612.jpg,1.2492,0.4115,0.8483,0.5347,0.9939,0.2859,0.9506,0.8656,0.5362,1.5203,0.8329,0.5334,0.9519,0.8615,0.5358,1.5739,0.8333,0.5334
apel,istockphoto-185071735-612x612.jpg,1.2492,0.4115,0.8483,0.5347,0.9939,0.2859,0.9506,0.8656,0.5362,1.5203,0.8329,0.5334,0.9519,0.8615,0.5358,1.5739,0.8333,0.5334
apel,istockphoto-185689098-612x612.jpg,2.077,0.5171,0.8406,0.6656,0.9865,0.443,1.6117,0.8513,0.6669,2.6482,0.8291,0.6646,1.6784,0.8514,0.6662,2.3696,0.8307,0.6647
apel,istockphoto-185689098-612x612.jpg,2.077,0.5171,0.8406,0.6656,0.9865,0.443,1.6117,0.8513,0.6669,2.6482,0.8291,0.6646,1.6784,0.8514,0.6662,2.3696,0.8307,0.6647
apel,istockphoto-186843005-612x612.jpg,3.6093,0.808,0.7555,0.4128,0.9852,0.1704,2.7963,0.7737,0.4144,4.5118,0.7358,0.4109,2.7827,0.7733,0.415,4.3462,0.7392,0.4111
apel,istockphoto-186843005-612x612.jpg,3.6093,0.808,0.7555,0.4128,0.9852,0.1704,2.7963,0.7737,0.4144,4.5118,0.7358,0.4109,2.7827,0.7733,0.415,4.3462,0.7392,0.4111
apel,istockphoto-187185922-612x612.jpg,2.0392,0.6124,0.7937,0.5528,0.9885,0.3056,1.5844,0.8102,0.5541,2.5509,0.7784,0.5516,1.5723,0.8064,0.5537,2.4493,0.7798,0.5518
apel,istockphoto-187185922-612x612.jpg,2.0392,0.6124,0.7937,0.5528,0.9885,0.3056,1.5844,0.8102,0.5541,2.5509,0.7784,0.5516,1.5723,0.8064,0.5537,2.4493,0.7798,0.5518
apel,istockphoto-2218780905-612x612.jpg,1.4578,0.476,0.8305,0.5323,0.9912,0.2834,1.1327,0.8444,0.5334,1.7157,0.8176,0.5311,1.1165,0.8447,0.5336,1.8665,0.8153,0.5311
apel,istockphoto-2218780905-612x612.jpg,1.4578,0.476,0.8305,0.5323,0.9912,0.2834,1.1327,0.8444,0.5334,1.7157,0.8176,0.5311,1.1165,0.8447,0.5336,1.8665,0.8153,0.5311
apel,istockphoto-2218780960-612x612.jpg,1.6584,0.5138,0.8231,0.5565,0.9892,0.3097,1.2965,0.835,0.5575,1.9245,0.8103,0.5554,1.2827,0.8381,0.5575,2.1298,0.809,0.5556
apel,istockphoto-2218780960-612x612.jpg,1.6584,0.5138,0.8231,0.5565,0.9892,0.3097,1.2965,0.835,0.5575,1.9245,0.8103,0.5554,1.2827,0.8381,0.5575,2.1298,0.809,0.5556
apel,istockphoto-465833631-612x612.jpg,1.7332,0.5141,0.8282,0.4904,0.9888,0.2405,1.3327,0.845,0.4921,1.9872,0.8173,0.4892,1.3553,0.8389,0.4913,2.2579,0.8116,0.4891
apel,istockphoto-465833631-612x612.jpg,1.7332,0.5141,0.8282,0.4904,0.9888,0.2405,1.3327,0.845,0.4921,1.9872,0.8173,0.4892,1.3553,0.8389,0.4913,2.2579,0.8116,0.4891
apel,istockphoto-466413957-612x612.jpg,4.296,0.8613,0.7662,0.5641,0.9758,0.3182,3.4637,0.7796,0.5652,5.1704,0.7551,0.5632,3.3368,0.7779,0.5651,5.2133,0.7522,0.563
apel,istockphoto-466413957-612x612.jpg,4.296,0.8613,0.7662,0.5641,0.9758,0.3182,3.4637,0.7796,0.5652,5.1704,0.7551,0.5632,3.3368,0.7779,0.5651,5.2133,0.7522,0.563
apel,istockphoto-471597370-612x612.jpg,2.6487,0.6502,0.8005,0.5502,0.987,0.3028,2.1025,0.8172,0.5514,3.308,0.7868,0.5491,2.0464,0.8117,0.5512,3.1378,0.7863,0.5492
apel,istockphoto-471597370-612x612.jpg,2.6487,0.6502,0.8005,0.5502,0.987,0.3028,2.1025,0.8172,0.5514,3.308,0.7868,0.5491,2.0464,0.8117,0.5512,3.1378,0.7863,0.5492
apel,istockphoto-479800900-612x612.jpg,2.3645,0.5332,0.8433,0.6689,0.9789,0.4474,1.8364,0.8536,0.6697,2.9537,0.8325,0.668,1.826,0.8535,0.6695,2.842,0.8335,0.6681
apel,istockphoto-479800900-612x612.jpg,2.3645,0.5332,0.8433,0.6689,0.9789,0.4474,1.8364,0.8536,0.6697,2.9537,0.8325,0.668,1.826,0.8535,0.6695,2.842,0.8335,0.6681
apel,istockphoto-483874492-612x612.jpg,1.8055,0.5033,0.832,0.4631,0.9907,0.2144,1.4341,0.8457,0.4645,2.1549,0.8158,0.462,1.4562,0.8477,0.4641,2.177,0.8189,0.4616
apel,istockphoto-483874492-612x612.jpg,1.8055,0.5033,0.832,0.4631,0.9907,0.2144,1.4341,0.8457,0.4645,2.1549,0.8158,0.462,1.4562,0.8477,0.4641,2.177,0.8189,0.4616
apel,istockphoto-488957174-612x612.jpg,3.4375,0.6939,0.8072,0.6166,0.9823,0.3802,2.8236,0.8179,0.6175,3.909,0.7979,0.6159,2.7535,0.8173,0.6174,4.264,0.7956,0.6157
apel,istockphoto-488957174-612x612.jpg,3.4375,0.6939,0.8072,0.6166,0.9823,0.3802,2.8236,0.8179,0.6175,3.909,0.7979,0.6159,2.7535,0.8173,0.6174,4.264,0.7956,0.6157
apel,istockphoto-501044585-612x612.jpg,3.3832,0.7303,0.7854,0.47,0.9852,0.2209,2.5581,0.8001,0.4713,4.1069,0.7705,0.4684,2.8667,0.7979,0.4713,4.0012,0.7733,0.4688
apel,istockphoto-501044585-612x612.jpg,3.3832,0.7303,0.7854,0.47,0.9852,0.2209,2.5581,0.8001,0.4713,4.1069,0.7705,0.4684,2.8667,0.7979,0.4713,4.0012,0.7733,0.4688
apel,istockphoto-517715916-612x612.jpg,1.9375,0.5408,0.826,0.6539,0.9864,0.4276,1.4775,0.8362,0.6544,2.3572,0.8142,0.6535,1.542,0.8375,0.6543,2.3732,0.8164,0.6535
apel,istockphoto-517715916-612x612.jpg,1.9375,0.5408,0.826,0.6539,0.9864,0.4276,1.4775,0.8362,0.6544,2.3572,0.8142,0.6535,1.542,0.8375,0.6543,2.3732,0.8164,0.6535
apel,istockphoto-586052010-612x612.jpg,3.4571,0.6905,0.809,0.617,0.982,0.3807,2.8091,0.8186,0.618,4.2843,0.7973,0.616,2.7842,0.8193,0.6178,3.9506,0.8006,0.6163
apel,istockphoto-586052010-612x612.jpg,3.4571,0.6905,0.809,0.617,0.982,0.3807,2.8091,0.8186,0.618,4.2843,0.7973,0.616,2.7842,0.8193,0.6178,3.9506,0.8006,0.6163
apel,istockphoto-609822514-612x612.jpg,2.7303,0.6619,0.8046,0.5925,0.98,0.3511,2.1879,0.8166,0.5935,3.3058,0.7923,0.5915,2.2846,0.8157,0.5935,3.1429,0.7937,0.5916
apel,istockphoto-609822514-612x612.jpg,2.7303,0.6619,0.8046,0.5925,0.98,0.3511,2.1879,0.8166,0.5935,3.3058,0.7923,0.5915,2.2846,0.8157,0.5935,3.1429,0.7937,0.5916
apel,istockphoto-613780354-612x612.jpg,3.0634,0.8469,0.7296,0.3986,0.982,0.1589,2.6407,0.7469,0.4,3.5248,0.7137,0.3971,2.2997,0.7463,0.4,3.7883,0.7113,0.3971
apel,istockphoto-613780354-612x612.jpg,3.0634,0.8469,0.7296,0.3986,0.982,0.1589,2.6407,0.7469,0.4,3.5248,0.7137,0.3971,2.2997,0.7463,0.4,3.7883,0.7113,0.3971
apel,istockphoto-616108408-612x612.jpg,1.6833,0.4647,0.8407,0.6209,0.9879,0.3855,1.3466,0.8542,0.622,1.8327,0.8283,0.62,1.2985,0.8536,0.6216,2.2555,0.8266,0.6198
apel,istockphoto-616108408-612x612.jpg,1.6833,0.4647,0.8407,0.6209,0.9879,0.3855,1.3466,0.8542,0.622,1.8327,0.8283,0.62,1.2985,0.8536,0.6216,2.2555,0.8266,0.6198
apel,istockphoto-625771024-612x612.jpg,1.6039,0.6074,0.7727,0.4008,0.9903,0.1606,1.3164,0.7934,0.4025,1.857,0.7534,0.3991,1.2106,0.7902,0.4023,2.0318,0.754,0.3993
apel,istockphoto-625771024-612x612.jpg,1.6039,0.6074,0.7727,0.4008,0.9903,0.1606,1.3164,0.7934,0.4025,1.857,0.7534,0.3991,1.2106,0.7902,0.4023,2.0318,0.754,0.3993
apel,istockphoto-667661104-612x612.jpg,0.7686,0.3516,0.8575,0.5746,0.9948,0.3302,0.5797,0.875,0.5761,0.9567,0.842,0.5734,0.5645,0.8725,0.5758,0.9734,0.8406,0.5733
apel,istockphoto-667661104-612x612.jpg,0.7686,0.3516,0.8575,0.5746,0.9948,0.3302,0.5797,0.875,0.5761,0.9567,0.842,0.5734,0.5645,0.8725,0.5758,0.9734,0.8406,0.5733
apel,istockphoto-667680664-612x612.jpg,0.8261,0.3728,0.8497,0.5295,0.9959,0.2804,0.6285,0.8688,0.5312,0.9899,0.8332,0.5282,0.6006,0.8635,0.5306,1.0855,0.8331,0.5282
apel,istockphoto-667680664-612x612.jpg,0.8261,0.3728,0.8497,0.5295,0.9959,0.2804,0.6285,0.8688,0.5312,0.9899,0.8332,0.5282,0.6006,0.8635,0.5306,1.0855,0.8331,0.5282
apel,istockphoto-92360356-612x612.jpg,1.3301,0.398,0.8611,0.5579,0.9927,0.3113,1.1255,0.8763,0.5587,1.6169,0.8504,0.5571,0.9489,0.8713,0.5589,1.6289,0.8465,0.557
apel,istockphoto-92360356-612x612.jpg,1.3301,0.398,0.8611,0.5579,0.9927,0.3113,1.1255,0.8763,0.5587,1.6169,0.8504,0.5571,0.9489,0.8713,0.5589,1.6289,0.8465,0.557
apel,istockphoto-92655916-612x612.jpg,1.3082,0.4293,0.8448,0.556,0.9909,0.3091,1.0438,0.8543,0.5571,1.6227,0.8294,0.5546,0.9489,0.8639,0.5574,1.6173,0.8315,0.5547
apel,istockphoto-92655916-612x612.jpg,1.3082,0.4293,0.8448,0.556,0.9909,0.3091,1.0438,0.8543,0.5571,1.6227,0.8294,0.5546,0.9489,0.8639,0.5574,1.6173,0.8315,0.5547
apel,istockphoto-95484841-612x612.jpg,2.473,0.7357,0.7554,0.4653,0.9842,0.2165,2.0106,0.7674,0.4663,2.8927,0.7383,0.4642,1.6965,0.78,0.4669,3.2923,0.7357,0.464
apel,istockphoto-95484841-612x612.jpg,2.473,0.7357,0.7554,0.4653,0.9842,0.2165,2.0106,0.7674,0.4663,2.8927,0.7383,0.4642,1.6965,0.78,0.4669,3.2923,0.7357,0.464
nanas,istockphoto-1008429106-612x612.jpg,3.0184,0.6972,0.8022,0.648,0.9668,0.4199,2.4611,0.8065,0.6493,4.0378,0.7884,0.6459,1.9858,0.8251,0.6501,3.589,0.7886,0.6466
nanas,istockphoto-1008429106-612x612.jpg,3.0184,0.6972,0.8022,0.648,0.9668,0.4199,2.4611,0.8065,0.6493,4.0378,0.7884,0.6459,1.9858,0.8251,0.6501,3.589,0.7886,0.6466
nanas,istockphoto-1132807691-612x612.jpg,4.4995,0.9208,0.7468,0.5465,0.9729,0.2986,3.4764,0.7575,0.5477,5.6866,0.733,0.5446,3.2001,0.7679,0.5491,5.6347,0.7288,0.5445
nanas,istockphoto-1132807691-612x612.jpg,4.4995,0.9208,0.7468,0.5465,0.9729,0.2986,3.4764,0.7575,0.5477,5.6866,0.733,0.5446,3.2001,0.7679,0.5491,5.6347,0.7288,0.5445
nanas,istockphoto-1132807783-612x612.jpg,3.5063,0.7211,0.8017,0.641,0.9755,0.4109,2.7716,0.8101,0.6418,4.663,0.7896,0.6396,2.4119,0.8189,0.6431,4.1788,0.7883,0.6395
nanas,istockphoto-1132807783-612x612.jpg,3.5063,0.7211,0.8017,0.641,0.9755,0.4109,2.7716,0.8101,0.6418,4.663,0.7896,0.6396,2.4119,0.8189,0.6431,4.1788,0.7883,0.6395
nanas,istockphoto-120521928-612x612.jpg,5.4504,0.9752,0.7607,0.5569,0.9478,0.3102,4.5736,0.7701,0.558,6.7052,0.745,0.5548,3.7185,0.7807,0.56,6.8044,0.747,0.555
nanas,istockphoto-120521928-612x612.jpg,5.4504,0.9752,0.7607,0.5569,0.9478,0.3102,4.5736,0.7701,0.558,6.7052,0.745,0.5548,3.7185,0.7807,0.56,6.8044,0.747,0.555
nanas,istockphoto-121158297-612x612.jpg,4.2304,0.8411,0.7771,0.616,0.9614,0.3795,3.3641,0.7865,0.617,5.01,0.7659,0.6148,3.198,0.7909,0.618,5.3494,0.7653,0.6142
nanas,istockphoto-121158297-612x612.jpg,4.2304,0.8411,0.7771,0.616,0.9614,0.3795,3.3641,0.7865,0.617,5.01,0.7659,0.6148,3.198,0.7909,0.618,5.3494,0.7653,0.6142
nanas,istockphoto-1255490998-612x612.jpg,4.7016,0.8606,0.7915,0.6691,0.9628,0.4476,3.4928,0.8,0.6703,6.0345,0.7776,0.6674,3.444,0.8068,0.6708,5.8353,0.7818,0.6677
nanas,istockphoto-1255490998-612x612.jpg,4.7016,0.8606,0.7915,0.6691,0.9628,0.4476,3.4928,0.8,0.6703,6.0345,0.7776,0.6674,3.444,0.8068,0.6708,5.8353,0.7818,0.6677
nanas,istockphoto-1293845097-612x612.jpg,2.5406,0.5814,0.8366,0.7026,0.9629,0.4936,2.0321,0.8442,0.7038,3.3683,0.821,0.7013,1.6854,0.8547,0.7045,3.0769,0.8267,0.7007
nanas,istockphoto-1293845097-612x612.jpg,2.5406,0.5814,0.8366,0.7026,0.9629,0.4936,2.0321,0.8442,0.7038,3.3683,0.821,0.7013,1.6854,0.8547,0.7045,3.0769,0.8267,0.7007
nanas,istockphoto-135729530-612x612.jpg,6.7791,1.0475,0.7742,0.6517,0.9528,0.4248,5.8692,0.779,0.6523,8.2285,0.7646,0.6508,4.8791,0.7879,0.6535,8.1395,0.7654,0.6504
nanas,istockphoto-135729530-612x612.jpg,6.7791,1.0475,0.7742,0.6517,0.9528,0.4248,5.8692,0.779,0.6523,8.2285,0.7646,0.6508,4.8791,0.7879,0.6535,8.1395,0.7654,0.6504
nanas,istockphoto-1366787876-612x612.jpg,2.0577,0.4753,0.8666,0.7739,0.9829,0.5988,1.4857,0.8764,0.7745,2.5342,0.8581,0.7728,1.557,0.8745,0.775,2.6542,0.8574,0.773
nanas,istockphoto-1366787876-612x612.jpg,2.0577,0.4753,0.8666,0.7739,0.9829,0.5988,1.4857,0.8764,0.7745,2.5342,0.8581,0.7728,1.557,0.8745,0.775,2.6542,0.8574,0.773
nanas,istockphoto-144231660-612x612.jpg,4.0302,0.7364,0.8208,0.6803,0.9633,0.4628,3.3474,0.826,0.6811,5.0188,0.8107,0.679,2.8437,0.8349,0.6821,4.9108,0.8115,0.6792
nanas,istockphoto-144231660-612x612.jpg,4.0302,0.7364,0.8208,0.6803,0.9633,0.4628,3.3474,0.826,0.6811,5.0188,0.8107,0.679,2.8437,0.8349,0.6821,4.9108,0.8115,0.6792
nanas,istockphoto-144871786-612x612.jpg,7.3457,1.1842,0.726,0.4282,0.9563,0.1834,5.9938,0.7358,0.4296,8.9067,0.7129,0.4264,5.3543,0.7431,0.4309,9.1278,0.7121,0.426
nanas,istockphoto-144871786-612x612.jpg,7.3457,1.1842,0.726,0.4282,0.9563,0.1834,5.9938,0.7358,0.4296,8.9067,0.7129,0.4264,5.3543,0.7431,0.4309,9.1278,0.7121,0.426
nanas,istockphoto-152953394-612x612.jpg,3.5145,0.7107,0.812,0.6301,0.9652,0.397,2.8497,0.8209,0.6316,4.5558,0.8008,0.6283,2.5056,0.8253,0.6315,4.147,0.8011,0.6289
nanas,istockphoto-152953394-612x612.jpg,3.5145,0.7107,0.812,0.6301,0.9652,0.397,2.8497,0.8209,0.6316,4.5558,0.8008,0.6283,2.5056,0.8253,0.6315,4.147,0.8011,0.6289
nanas,istockphoto-152985782-612x612.jpg,4.791,0.7097,0.8432,0.7502,0.9553,0.5628,4.1006,0.8461,0.7506,5.9776,0.837,0.7492,3.4091,0.8547,0.7518,5.6768,0.835,0.7493
nanas,istockphoto-152985782-612x612.jpg,4.791,0.7097,0.8432,0.7502,0.9553,0.5628,4.1006,0.8461,0.7506,5.9776,0.837,0.7492,3.4091,0.8547,0.7518,5.6768,0.835,0.7493
nanas,istockphoto-152995139-612x612.jpg,4.9909,0.9482,0.7623,0.6093,0.9596,0.3712,3.9276,0.7732,0.6104,6.0178,0.7515,0.608,3.8862,0.7752,0.6111,6.1318,0.7491,0.6076
nanas,istockphoto-152995139-612x612.jpg,4.9909,0.9482,0.7623,0.6093,0.9596,0.3712,3.9276,0.7732,0.6104,6.0178,0.7515,0.608,3.8862,0.7752,0.6111,6.1318,0.7491,0.6076
nanas,istockphoto-155135289-612x612.jpg,4.6923,0.8305,0.7944,0.6435,0.9619,0.4141,3.6007,0.8021,0.6448,6.1343,0.7819,0.6419,3.6038,0.8107,0.6451,5.4304,0.7828,0.642
nanas,istockphoto-155135289-612x612.jpg,4.6923,0.8305,0.7944,0.6435,0.9619,0.4141,3.6007,0.8021,0.6448,6.1343,0.7819,0.6419,3.6038,0.8107,0.6451,5.4304,0.7828,0.642
nanas,istockphoto-172923656-612x612.jpg,4.2845,0.7924,0.803,0.6818,0.9603,0.4648,3.3895,0.8102,0.6831,5.3317,0.7949,0.6802,3.2623,0.8141,0.6831,5.1544,0.7927,0.6806
nanas,istockphoto-172923656-612x612.jpg,4.2845,0.7924,0.803,0.6818,0.9603,0.4648,3.3895,0.8102,0.6831,5.3317,0.7949,0.6802,3.2623,0.8141,0.6831,5.1544,0.7927,0.6806
nanas,istockphoto-172932390-612x612.jpg,5.2448,0.9294,0.7756,0.6259,0.961,0.3918,4.1054,0.7839,0.6273,6.4871,0.7631,0.6244,3.9506,0.7893,0.6273,6.436,0.7662,0.6246
nanas,istockphoto-172932390-612x612.jpg,5.2448,0.9294,0.7756,0.6259,0.961,0.3918,4.1054,0.7839,0.6273,6.4871,0.7631,0.6244,3.9506,0.7893,0.6273,6.436,0.7662,0.6246
nanas,istockphoto-173935152-612x612.jpg,5.9955,0.9611,0.7788,0.6218,0.952,0.3866,4.7564,0.7872,0.623,7.5483,0.7697,0.6201,4.5735,0.7896,0.6235,7.1037,0.7688,0.6206
nanas,istockphoto-173935152-612x612.jpg,5.9955,0.9611,0.7788,0.6218,0.952,0.3866,4.7564,0.7872,0.623,7.5483,0.7697,0.6201,4.5735,0.7896,0.6235,7.1037,0.7688,0.6206
nanas,istockphoto-174841598-612x612.jpg,4.5169,0.8906,0.7681,0.6082,0.9646,0.3699,3.1986,0.7805,0.61,5.8051,0.7539,0.6067,3.6843,0.7803,0.6093,5.3795,0.7574,0.6068
nanas,istockphoto-174841598-612x612.jpg,4.5169,0.8906,0.7681,0.6082,0.9646,0.3699,3.1986,0.7805,0.61,5.8051,0.7539,0.6067,3.6843,0.7803,0.6093,5.3795,0.7574,0.6068
nanas,istockphoto-176123145-612x612.jpg,6.5855,0.9713,0.7902,0.6798,0.9252,0.4621,5.173,0.7943,0.6806,8.4265,0.7798,0.6781,4.9428,0.8063,0.6821,7.7999,0.7803,0.6782
nanas,istockphoto-176123145-612x612.jpg,6.5855,0.9713,0.7902,0.6798,0.9252,0.4621,5.173,0.7943,0.6806,8.4265,0.7798,0.6781,4.9428,0.8063,0.6821,7.7999,0.7803,0.6782
nanas,istockphoto-178499769-612x612.jpg,6.1209,1.0526,0.7511,0.6179,0.9487,0.3819,4.7845,0.7588,0.6185,7.2588,0.7418,0.6167,4.8238,0.7649,0.6201,7.6166,0.7389,0.6165
nanas,istockphoto-178499769-612x612.jpg,6.1209,1.0526,0.7511,0.6179,0.9487,0.3819,4.7845,0.7588,0.6185,7.2588,0.7418,0.6167,4.8238,0.7649,0.6201,7.6166,0.7389,0.6165
nanas,istockphoto-178740379-612x612.jpg,4.7239,0.8023,0.8088,0.6861,0.9636,0.4708,3.9976,0.8113,0.6866,5.6411,0.7993,0.685,3.3006,0.8261,0.6886,5.9564,0.7987,0.6844
nanas,istockphoto-178740379-612x612.jpg,4.7239,0.8023,0.8088,0.6861,0.9636,0.4708,3.9976,0.8113,0.6866,5.6411,0.7993,0.685,3.3006,0.8261,0.6886,5.9564,0.7987,0.6844
nanas,istockphoto-178782647-612x612.jpg,6.7596,0.9895,0.7858,0.6668,0.9552,0.4446,5.7569,0.7893,0.6676,8.2907,0.776,0.6661,4.6659,0.8035,0.6686,8.3249,0.7746,0.6647
nanas,istockphoto-178782647-612x612.jpg,6.7596,0.9895,0.7858,0.6668,0.9552,0.4446,5.7569,0.7893,0.6676,8.2907,0.776,0.6661,4.6659,0.8035,0.6686,8.3249,0.7746,0.6647
nanas,istockphoto-182231981-612x612.jpg,5.0392,0.9029,0.786,0.671,0.946,0.4503,3.7582,0.796,0.6722,6.1118,0.7759,0.6698,4.0041,0.7978,0.6727,6.2827,0.7743,0.6694
nanas,istockphoto-182231981-612x612.jpg,5.0392,0.9029,0.786,0.671,0.946,0.4503,3.7582,0.796,0.6722,6.1118,0.7759,0.6698,4.0041,0.7978,0.6727,6.2827,0.7743,0.6694
nanas,istockphoto-182473485-612x612.jpg,5.0467,0.8851,0.786,0.6502,0.9549,0.4227,4.0118,0.796,0.6514,6.3993,0.7746,0.6486,3.747,0.7977,0.6514,6.0286,0.7758,0.6492
nanas,istockphoto-182473485-612x612.jpg,5.0467,0.8851,0.786,0.6502,0.9549,0.4227,4.0118,0.796,0.6514,6.3993,0.7746,0.6486,3.747,0.7977,0.6514,6.0286,0.7758,0.6492
nanas,istockphoto-185144690-612x612.jpg,4.6171,0.8748,0.7782,0.6367,0.9364,0.4054,3.9038,0.7848,0.6372,5.8167,0.7657,0.6353,3.1758,0.7955,0.6393,5.5722,0.7667,0.635
nanas,istockphoto-185144690-612x612.jpg,4.6171,0.8748,0.7782,0.6367,0.9364,0.4054,3.9038,0.7848,0.6372,5.8167,0.7657,0.6353,3.1758,0.7955,0.6393,5.5722,0.7667,0.635
nanas,istockphoto-186807261-612x612.jpg,5.9412,0.9966,0.7686,0.629,0.9501,0.3957,4.3978,0.7755,0.63,7.0447,0.7573,0.6278,4.8298,0.7833,0.6313,7.4926,0.7581,0.6271
nanas,istockphoto-186807261-612x612.jpg,5.9412,0.9966,0.7686,0.629,0.9501,0.3957,4.3978,0.7755,0.63,7.0447,0.7573,0.6278,4.8298,0.7833,0.6313,7.4926,0.7581,0.6271
nanas,istockphoto-186928771-612x612.jpg,2.9872,0.5726,0.8483,0.7162,0.9652,0.513,2.0073,0.8566,0.718,4.0065,0.8376,0.714,2.5648,0.8578,0.7174,3.3703,0.841,0.7155
nanas,istockphoto-186928771-612x612.jpg,2.9872,0.5726,0.8483,0.7162,0.9652,0.513,2.0073,0.8566,0.718,4.0065,0.8376,0.714,2.5648,0.8578,0.7174,3.3703,0.841,0.7155
nanas,istockphoto-2096261549-612x612.jpg,4.9773,1.0621,0.7107,0.5003,0.9608,0.2503,3.9811,0.7194,0.5012,6.2802,0.6941,0.4983,3.4631,0.7347,0.5033,6.1848,0.6946,0.4984
nanas,istockphoto-2096261549-612x612.jpg,4.9773,1.0621,0.7107,0.5003,0.9608,0.2503,3.9811,0.7194,0.5012,6.2802,0.6941,0.4983,3.4631,0.7347,0.5033,6.1848,0.6946,0.4984
nanas,istockphoto-2181463479-612x612.jpg,3.2695,0.7738,0.7729,0.5763,0.9629,0.3321,2.6077,0.7816,0.5775,4.3457,0.7567,0.5745,2.1967,0.7964,0.579,3.9278,0.7566,0.5741
nanas,istockphoto-2181463479-612x612.jpg,3.2695,0.7738,0.7729,0.5763,0.9629,0.3321,2.6077,0.7816,0.5775,4.3457,0.7567,0.5745,2.1967,0.7964,0.579,3.9278,0.7566,0.5741
nanas,istockphoto-2188481129-612x612.jpg,2.7047,0.5862,0.8375,0.7182,0.969,0.5158,2.08,0.8423,0.7193,3.4301,0.8282,0.7173,1.9206,0.8529,0.7198,3.3881,0.8264,0.7164
nanas,istockphoto-2188481129-612x612.jpg,2.7047,0.5862,0.8375,0.7182,0.969,0.5158,2.08,0.8423,0.7193,3.4301,0.8282,0.7173,1.9206,0.8529,0.7198,3.3881,0.8264,0.7164
nanas,istockphoto-2230793089-612x612.jpg,5.1535,0.8556,0.8044,0.6967,0.9628,0.4854,4.317,0.8073,0.6978,6.2361,0.797,0.6951,3.6875,0.8205,0.6981,6.3736,0.7926,0.6956
nanas,istockphoto-2230793089-612x612.jpg,5.1535,0.8556,0.8044,0.6967,0.9628,0.4854,4.317,0.8073,0.6978,6.2361,0.797,0.6951,3.6875,0.8205,0.6981,6.3736,0.7926,0.6956
nanas,istockphoto-453794089-612x612.jpg,5.0571,0.905,0.7812,0.6571,0.9628,0.4317,4.0242,0.7927,0.6575,6.3223,0.7681,0.6555,3.7419,0.7939,0.6593,6.1399,0.7701,0.656
nanas,istockphoto-453794089-612x612.jpg,5.0571,0.905,0.7812,0.6571,0.9628,0.4317,4.0242,0.7927,0.6575,6.3223,0.7681,0.6555,3.7419,0.7939,0.6593,6.1399,0.7701,0.656
nanas,istockphoto-464711675-612x612.jpg,8.8428,1.3869,0.6908,0.5286,0.9384,0.2794,7.1704,0.6993,0.5291,11.0225,0.6754,0.5268,6.603,0.7099,0.5315,10.5751,0.6787,0.5268
nanas,istockphoto-464711675-612x612.jpg,8.8428,1.3869,0.6908,0.5286,0.9384,0.2794,7.1704,0.6993,0.5291,11.0225,0.6754,0.5268,6.603,0.7099,0.5315,10.5751,0.6787,0.5268
nanas,istockphoto-465732960-612x612.jpg,5.4649,0.8871,0.7981,0.6889,0.9614,0.4746,4.3773,0.8052,0.6901,6.7783,0.7878,0.6879,4.1573,0.8102,0.6903,6.5466,0.789,0.6872
nanas,istockphoto-465732960-612x612.jpg,5.4649,0.8871,0.7981,0.6889,0.9614,0.4746,4.3773,0.8052,0.6901,6.7783,0.7878,0.6879,4.1573,0.8102,0.6903,6.5466,0.789,0.6872
nanas,istockphoto-467176151-612x612.jpg,4.2798,0.6487,0.8608,0.788,0.9509,0.6209,3.5813,0.8638,0.7885,5.4082,0.8543,0.7871,3.1104,0.8708,0.7894,5.0195,0.8543,0.787
nanas,istockphoto-467176151-612x612.jpg,4.2798,0.6487,0.8608,0.788,0.9509,0.6209,3.5813,0.8638,0.7885,5.4082,0.8543,0.7871,3.1104,0.8708,0.7894,5.0195,0.8543,0.787
nanas,istockphoto-469985451-612x612.jpg,3.9659,0.662,0.8459,0.7506,0.9461,0.5634,3.0482,0.8529,0.7514,4.8182,0.8388,0.7498,3.082,0.8557,0.752,4.9152,0.8364,0.7493
nanas,istockphoto-469985451-612x612.jpg,3.9659,0.662,0.8459,0.7506,0.9461,0.5634,3.0482,0.8529,0.7514,4.8182,0.8388,0.7498,3.082,0.8557,0.752,4.9152,0.8364,0.7493
nanas,istockphoto-470221128-612x612.jpg,4.2255,0.6739,0.8497,0.774,0.9477,0.5991,3.4367,0.8527,0.775,5.1444,0.8436,0.7727,3.1862,0.8601,0.7751,5.1345,0.8423,0.7732
nanas,istockphoto-470221128-612x612.jpg,4.2255,0.6739,0.8497,0.774,0.9477,0.5991,3.4367,0.8527,0.775,5.1444,0.8436,0.7727,3.1862,0.8601,0.7751,5.1345,0.8423,0.7732
nanas,istockphoto-478386400-612x612.jpg,4.3049,0.8097,0.7948,0.6643,0.9608,0.4413,2.9128,0.8069,0.6665,5.3043,0.7854,0.6631,3.6675,0.8029,0.665,5.3349,0.784,0.6627
nanas,istockphoto-478386400-612x612.jpg,4.3049,0.8097,0.7948,0.6643,0.9608,0.4413,2.9128,0.8069,0.6665,5.3043,0.7854,0.6631,3.6675,0.8029,0.665,5.3349,0.784,0.6627
nanas,istockphoto-480636761-612x612.jpg,5.8784,0.9597,0.7785,0.6593,0.95,0.4347,4.8369,0.7827,0.66,7.1321,0.7673,0.6581,4.2712,0.7972,0.6616,7.2733,0.7668,0.6575
nanas,istockphoto-480636761-612x612.jpg,5.8784,0.9597,0.7785,0.6593,0.95,0.4347,4.8369,0.7827,0.66,7.1321,0.7673,0.6581,4.2712,0.7972,0.6616,7.2733,0.7668,0.6575
nanas,istockphoto-495507915-612x612.jpg,5.4417,0.9258,0.7814,0.6515,0.9667,0.4245,4.5942,0.7889,0.6523,6.7433,0.7687,0.6502,3.785,0.7973,0.6535,6.6443,0.7707,0.6501
nanas,istockphoto-495507915-612x612.jpg,5.4417,0.9258,0.7814,0.6515,0.9667,0.4245,4.5942,0.7889,0.6523,6.7433,0.7687,0.6502,3.785,0.7973,0.6535,6.6443,0.7707,0.6501
nanas,istockphoto-510798092-612x612.jpg,6.833,1.1611,0.7287,0.5805,0.9295,0.337,5.7016,0.7344,0.5817,8.3276,0.7172,0.579,4.7969,0.7486,0.583,8.506,0.7146,0.5784
nanas,istockphoto-510798092-612x612.jpg,6.833,1.1611,0.7287,0.5805,0.9295,0.337,5.7016,0.7344,0.5817,8.3276,0.7172,0.579,4.7969,0.7486,0.583,8.506,0.7146,0.5784
nanas,istockphoto-534502336-612x612.jpg,4.9895,0.8844,0.7875,0.6618,0.9724,0.438,4.0426,0.7948,0.6625,6.365,0.7745,0.6602,3.6858,0.8028,0.6636,5.8645,0.7779,0.6609
nanas,istockphoto-534502336-612x612.jpg,4.9895,0.8844,0.7875,0.6618,0.9724,0.438,4.0426,0.7948,0.6625,6.365,0.7745,0.6602,3.6858,0.8028,0.6636,5.8645,0.7779,0.6609
nanas,istockphoto-541148662-612x612.jpg,6.7002,1.025,0.7671,0.6267,0.9621,0.3927,5.8247,0.7733,0.6275,8.4871,0.7524,0.6252,4.4779,0.7845,0.6288,8.0113,0.758,0.6252
nanas,istockphoto-541148662-612x612.jpg,6.7002,1.025,0.7671,0.6267,0.9621,0.3927,5.8247,0.7733,0.6275,8.4871,0.7524,0.6252,4.4779,0.7845,0.6288,8.0113,0.758,0.6252
nanas,istockphoto-578576926-612x612.jpg,6.756,1.0556,0.7608,0.6151,0.9619,0.3783,5.2613,0.7753,0.6163,8.3456,0.7505,0.6131,5.2035,0.772,0.6169,8.2135,0.7453,0.614
nanas,istockphoto-578576926-612x612.jpg,6.756,1.0556,0.7608,0.6151,0.9619,0.3783,5.2613,0.7753,0.6163,8.3456,0.7505,0.6131,5.2035,0.772,0.6169,8.2135,0.7453,0.614
nanas,istockphoto-586703630-612x612.jpg,3.3007,0.608,0.8452,0.7303,0.9409,0.5334,2.7684,0.8512,0.7312,4.2591,0.8364,0.7292,2.2733,0.8556,0.7317,3.9019,0.8378,0.7292
nanas,istockphoto-586703630-612x612.jpg,3.3007,0.608,0.8452,0.7303,0.9409,0.5334,2.7684,0.8512,0.7312,4.2591,0.8364,0.7292,2.2733,0.8556,0.7317,3.9019,0.8378,0.7292
nanas,istockphoto-89897437-612x612.jpg,6.0131,0.933,0.7937,0.683,0.929,0.4665,4.9496,0.7988,0.684,7.3793,0.7838,0.6814,4.5024,0.8054,0.6848,7.2212,0.787,0.6818
nanas,istockphoto-89897437-612x612.jpg,6.0131,0.933,0.7937,0.683,0.929,0.4665,4.9496,0.7988,0.684,7.3793,0.7838,0.6814,4.5024,0.8054,0.6848,7.2212,0.787,0.6818
nanas,istockphoto-91830998-612x612.jpg,4.8201,0.8102,0.8037,0.6733,0.9683,0.4534,4.1496,0.8094,0.6738,5.7073,0.794,0.6721,3.3514,0.8196,0.6754,6.072,0.7916,0.6721
nanas,istockphoto-91830998-612x612.jpg,4.8201,0.8102,0.8037,0.6733,0.9683,0.4534,4.1496,0.8094,0.6738,5.7073,0.794,0.6721,3.3514,0.8196,0.6754,6.072,0.7916,0.6721
nanas,istockphoto-92364805-612x612.jpg,5.5962,0.8814,0.8003,0.5044,0.9455,0.2544,4.7317,0.8067,0.5054,6.6234,0.7929,0.5032,3.8549,0.8136,0.5064,7.1748,0.788,0.5026
nanas,istockphoto-92364805-612x612.jpg,5.5962,0.8814,0.8003,0.5044,0.9455,0.2544,4.7317,0.8067,0.5054,6.6234,0.7929,0.5032,3.8549,0.8136,0.5064,7.1748,0.788,0.5026
nanas,istockphoto-96777024-612x612.jpg,5.5897,0.9063,0.7882,0.6635,0.9444,0.4402,4.8726,0.7888,0.6644,6.1676,0.7816,0.662,3.8551,0.8072,0.6654,7.4634,0.775,0.6621
nanas,istockphoto-96777024-612x612.jpg,5.5897,0.9063,0.7882,0.6635,0.9444,0.4402,4.8726,0.7888,0.6644,6.1676,0.7816,0.662,3.8551,0.8072,0.6654,7.4634,0.775,0.6621
pisang,istockphoto-111833285-612x612.jpg,0.7485,0.2085,0.9267,0.6541,0.9804,0.4279,0.5339,0.9431,0.6565,0.8661,0.9241,0.6529,0.584,0.929,0.6546,1.0102,0.9105,0.6525
pisang,istockphoto-111833285-612x612.jpg,0.7485,0.2085,0.9267,0.6541,0.9804,0.4279,0.5339,0.9431,0.6565,0.8661,0.9241,0.6529,0.584,0.929,0.6546,1.0102,0.9105,0.6525
pisang,istockphoto-1142556015-612x612.jpg,0.3172,0.139,0.9438,0.5641,0.993,0.3182,0.2222,0.9612,0.5667,0.3734,0.9356,0.5623,0.2413,0.9439,0.5647,0.4317,0.9347,0.5626
pisang,istockphoto-1142556015-612x612.jpg,0.3172,0.139,0.9438,0.5641,0.993,0.3182,0.2222,0.9612,0.5667,0.3734,0.9356,0.5623,0.2413,0.9439,0.5647,0.4317,0.9347,0.5626
pisang,istockphoto-1145222158-612x612.jpg,0.4657,0.1666,0.9365,0.6352,0.9851,0.4035,0.3058,0.96,0.6394,0.4727,0.9318,0.6335,0.3672,0.9331,0.6349,0.717,0.921,0.6331
pisang,istockphoto-1145222158-612x612.jpg,0.4657,0.1666,0.9365,0.6352,0.9851,0.4035,0.3058,0.96,0.6394,0.4727,0.9318,0.6335,0.3672,0.9331,0.6349,0.717,0.921,0.6331
pisang,istockphoto-1145692762-612x612.jpg,0.8042,0.2782,0.8928,0.5153,0.9905,0.2656,0.5728,0.9231,0.5183,0.9363,0.8879,0.5142,0.5901,0.8934,0.5159,1.1175,0.8669,0.513
pisang,istockphoto-1145692762-612x612.jpg,0.8042,0.2782,0.8928,0.5153,0.9905,0.2656,0.5728,0.9231,0.5183,0.9363,0.8879,0.5142,0.5901,0.8934,0.5159,1.1175,0.8669,0.513
pisang,istockphoto-1146065629-612x612.jpg,0.7559,0.2538,0.9029,0.524,0.9942,0.2746,0.5087,0.9284,0.5263,0.9509,0.8804,0.5222,0.5921,0.905,0.5247,0.9718,0.8978,0.5228
pisang,istockphoto-1146065629-612x612.jpg,0.7559,0.2538,0.9029,0.524,0.9942,0.2746,0.5087,0.9284,0.5263,0.9509,0.8804,0.5222,0.5921,0.905,0.5247,0.9718,0.8978,0.5228
pisang,istockphoto-1146507783-612x612.jpg,0.7713,0.2535,0.9046,0.5754,0.9911,0.3311,0.5286,0.9338,0.5778,0.9716,0.8881,0.5735,0.5894,0.9037,0.576,0.9954,0.8926,0.5741
pisang,istockphoto-1146507783-612x612.jpg,0.7713,0.2535,0.9046,0.5754,0.9911,0.3311,0.5286,0.9338,0.5778,0.9716,0.8881,0.5735,0.5894,0.9037,0.576,0.9954,0.8926,0.5741
pisang,istockphoto-1148078328-612x612.jpg,0.4285,0.1604,0.9377,0.5467,0.9899,0.2989,0.2948,0.9575,0.5499,0.4988,0.9371,0.5461,0.3267,0.9372,0.5471,0.5938,0.9189,0.5438
pisang,istockphoto-1148078328-612x612.jpg,0.4285,0.1604,0.9377,0.5467,0.9899,0.2989,0.2948,0.9575,0.5499,0.4988,0.9371,0.5461,0.3267,0.9372,0.5471,0.5938,0.9189,0.5438
pisang,istockphoto-1153426278-612x612.jpg,0.1963,0.0865,0.9647,0.7094,0.991,0.5033,0.1454,0.9749,0.7116,0.2949,0.9587,0.7081,0.146,0.9656,0.7098,0.1991,0.9596,0.7083
pisang,istockphoto-1153426278-612x612.jpg,0.1963,0.0865,0.9647,0.7094,0.991,0.5033,0.1454,0.9749,0.7116,0.2949,0.9587,0.7081,0.146,0.9656,0.7098,0.1991,0.9596,0.7083
pisang,istockphoto-1403991086-612x612.jpg,0.5603,0.1676,0.9394,0.489,0.987,0.2391,0.3957,0.9479,0.4913,0.7755,0.9228,0.4854,0.4299,0.9462,0.4903,0.64,0.9406,0.4888
pisang,istockphoto-1403991086-612x612.jpg,0.5603,0.1676,0.9394,0.489,0.987,0.2391,0.3957,0.9479,0.4913,0.7755,0.9228,0.4854,0.4299,0.9462,0.4903,0.64,0.9406,0.4888
pisang,istockphoto-1454764028-612x612.jpg,0.5992,0.2166,0.9178,0.496,0.9887,0.246,0.3704,0.9396,0.5004,0.6332,0.9116,0.4949,0.538,0.9166,0.4964,0.8552,0.9034,0.4923
pisang,istockphoto-1454764028-612x612.jpg,0.5992,0.2166,0.9178,0.496,0.9887,0.246,0.3704,0.9396,0.5004,0.6332,0.9116,0.4949,0.538,0.9166,0.4964,0.8552,0.9034,0.4923
pisang,istockphoto-1461328229-612x612.jpg,0.2474,0.1111,0.9542,0.6461,0.9923,0.4175,0.1393,0.9726,0.6493,0.2939,0.9467,0.6446,0.2195,0.9516,0.6461,0.3369,0.9459,0.6445
pisang,istockphoto-1461328229-612x612.jpg,0.2474,0.1111,0.9542,0.6461,0.9923,0.4175,0.1393,0.9726,0.6493,0.2939,0.9467,0.6446,0.2195,0.9516,0.6461,0.3369,0.9459,0.6445
pisang,istockphoto-147069390-612x612.jpg,0.4948,0.1051,0.9676,0.8107,0.9742,0.6572,0.2483,0.9778,0.8128,0.6514,0.9629,0.8096,0.467,0.9666,0.8106,0.6124,0.963,0.8097
pisang,istockphoto-147069390-612x612.jpg,0.4948,0.1051,0.9676,0.8107,0.9742,0.6572,0.2483,0.9778,0.8128,0.6514,0.9629,0.8096,0.467,0.9666,0.8106,0.6124,0.963,0.8097
pisang,istockphoto-148327893-612x612.jpg,0.752,0.2107,0.9257,0.5644,0.9821,0.3186,0.4989,0.9477,0.5676,0.926,0.9199,0.5633,0.6008,0.9254,0.5646,0.9821,0.9096,0.5621
pisang,istockphoto-148327893-612x612.jpg,0.752,0.2107,0.9257,0.5644,0.9821,0.3186,0.4989,0.9477,0.5676,0.926,0.9199,0.5633,0.6008,0.9254,0.5646,0.9821,0.9096,0.5621
pisang,istockphoto-151555636-612x612.jpg,0.8315,0.2364,0.9153,0.5709,0.9885,0.3259,0.5848,0.939,0.5735,0.9301,0.9085,0.5696,0.6533,0.9158,0.5712,1.1578,0.8977,0.569
pisang,istockphoto-151555636-612x612.jpg,0.8315,0.2364,0.9153,0.5709,0.9885,0.3259,0.5848,0.939,0.5735,0.9301,0.9085,0.5696,0.6533,0.9158,0.5712,1.1578,0.8977,0.569
pisang,istockphoto-152172736-612x612.jpg,0.5423,0.161,0.9429,0.5916,0.9762,0.35,0.3563,0.961,0.5953,0.6143,0.9386,0.59,0.4371,0.9429,0.5919,0.7617,0.9292,0.5893
pisang,istockphoto-152172736-612x612.jpg,0.5423,0.161,0.9429,0.5916,0.9762,0.35,0.3563,0.961,0.5953,0.6143,0.9386,0.59,0.4371,0.9429,0.5919,0.7617,0.9292,0.5893
pisang,istockphoto-153152189-612x612.jpg,0.5346,0.1705,0.9365,0.5736,0.984,0.3291,0.4094,0.9516,0.576,0.7514,0.9249,0.572,0.3926,0.9384,0.5742,0.5852,0.9313,0.5724
pisang,istockphoto-153152189-612x612.jpg,0.5346,0.1705,0.9365,0.5736,0.984,0.3291,0.4094,0.9516,0.576,0.7514,0.9249,0.572,0.3926,0.9384,0.5742,0.5852,0.9313,0.5724
pisang,istockphoto-153687315-612x612.jpg,0.8181,0.2001,0.9341,0.6478,0.9736,0.4196,0.6195,0.9404,0.6498,1.0677,0.9304,0.6466,0.6271,0.9414,0.6485,0.9581,0.9242,0.6462
pisang,istockphoto-153687315-612x612.jpg,0.8181,0.2001,0.9341,0.6478,0.9736,0.4196,0.6195,0.9404,0.6498,1.0677,0.9304,0.6466,0.6271,0.9414,0.6485,0.9581,0.9242,0.6462
pisang,istockphoto-155428659-612x612.jpg,0.4748,0.1232,0.9587,0.7599,0.9854,0.5774,0.3173,0.9762,0.7618,0.5751,0.9515,0.7589,0.3705,0.9555,0.76,0.6362,0.9516,0.7588
pisang,istockphoto-155428659-612x612.jpg,0.4748,0.1232,0.9587,0.7599,0.9854,0.5774,0.3173,0.9762,0.7618,0.5751,0.9515,0.7589,0.3705,0.9555,0.76,0.6362,0.9516,0.7588
pisang,istockphoto-160420996-612x612.jpg,0.5445,0.1527,0.9467,0.6705,0.9793,0.4495,0.4273,0.9598,0.6729,0.6404,0.9428,0.6695,0.3871,0.9481,0.6707,0.7232,0.9364,0.6687
pisang,istockphoto-160420996-612x612.jpg,0.5445,0.1527,0.9467,0.6705,0.9793,0.4495,0.4273,0.9598,0.6729,0.6404,0.9428,0.6695,0.3871,0.9481,0.6707,0.7232,0.9364,0.6687
pisang,istockphoto-173915234-612x612.jpg,0.6009,0.1995,0.9249,0.5925,0.9906,0.3511,0.3983,0.9553,0.5961,0.919,0.9061,0.5905,0.4784,0.9195,0.5925,0.608,0.9188,0.5911
pisang,istockphoto-173915234-612x612.jpg,0.6009,0.1995,0.9249,0.5925,0.9906,0.3511,0.3983,0.9553,0.5961,0.919,0.9061,0.5905,0.4784,0.9195,0.5925,0.608,0.9188,0.5911
pisang,istockphoto-174192325-612x612.jpg,0.6848,0.2057,0.9243,0.5762,0.9888,0.332,0.6312,0.9251,0.5768,1.0812,0.9002,0.5739,0.4052,0.9406,0.5777,0.6215,0.9314,0.5762
pisang,istockphoto-174192325-612x612.jpg,0.6848,0.2057,0.9243,0.5762,0.9888,0.332,0.6312,0.9251,0.5768,1.0812,0.9002,0.5739,0.4052,0.9406,0.5777,0.6215,0.9314,0.5762
pisang,istockphoto-175129786-612x612.jpg,0.5762,0.185,0.9313,0.5642,0.9846,0.3184,0.4682,0.9457,0.5668,0.7988,0.9204,0.5629,0.3994,0.9348,0.5652,0.6382,0.9242,0.562
pisang,istockphoto-175129786-612x612.jpg,0.5762,0.185,0.9313,0.5642,0.9846,0.3184,0.4682,0.9457,0.5668,0.7988,0.9204,0.5629,0.3994,0.9348,0.5652,0.6382,0.9242,0.562
pisang,istockphoto-176810394-612x612.jpg,0.18,0.0684,0.9734,0.7481,0.9831,0.5596,0.1004,0.9822,0.75,0.2007,0.9688,0.7471,0.1656,0.9729,0.7483,0.2536,0.9698,0.747
pisang,istockphoto-176810394-612x612.jpg,0.18,0.0684,0.9734,0.7481,0.9831,0.5596,0.1004,0.9822,0.75,0.2007,0.9688,0.7471,0.1656,0.9729,0.7483,0.2536,0.9698,0.747
pisang,istockphoto-177100013-612x612.jpg,0.4129,0.1631,0.9347,0.573,0.9801,0.3283,0.2358,0.9564,0.5768,0.6085,0.9235,0.5711,0.3767,0.9332,0.5733,0.4307,0.9258,0.5707
pisang,istockphoto-177100013-612x612.jpg,0.4129,0.1631,0.9347,0.573,0.9801,0.3283,0.2358,0.9564,0.5768,0.6085,0.9235,0.5711,0.3767,0.9332,0.5733,0.4307,0.9258,0.5707
pisang,istockphoto-178377154-612x612.jpg,0.566,0.1827,0.932,0.6046,0.9875,0.3655,0.4171,0.9484,0.6073,0.8846,0.9145,0.6026,0.4384,0.9335,0.605,0.5237,0.9316,0.6033
pisang,istockphoto-178377154-612x612.jpg,0.566,0.1827,0.932,0.6046,0.9875,0.3655,0.4171,0.9484,0.6073,0.8846,0.9145,0.6026,0.4384,0.9335,0.605,0.5237,0.9316,0.6033
pisang,istockphoto-178564443-612x612.jpg,0.293,0.1177,0.9526,0.6323,0.9903,0.3998,0.1969,0.9703,0.6354,0.3371,0.9453,0.6309,0.2417,0.9512,0.6325,0.3964,0.9437,0.6305
pisang,istockphoto-178564443-612x612.jpg,0.293,0.1177,0.9526,0.6323,0.9903,0.3998,0.1969,0.9703,0.6354,0.3371,0.9453,0.6309,0.2417,0.9512,0.6325,0.3964,0.9437,0.6305
pisang,istockphoto-179066874-612x612.jpg,0.6021,0.1872,0.9319,0.6855,0.99,0.47,0.4029,0.9459,0.6874,0.5318,0.9347,0.6853,0.5175,0.9314,0.6858,0.956,0.9158,0.6837
pisang,istockphoto-179066874-612x612.jpg,0.6021,0.1872,0.9319,0.6855,0.99,0.47,0.4029,0.9459,0.6874,0.5318,0.9347,0.6853,0.5175,0.9314,0.6858,0.956,0.9158,0.6837
pisang,istockphoto-184758160-612x612.jpg,0.966,0.2315,0.9227,0.5693,0.9835,0.3241,0.7134,0.9396,0.5724,1.0273,0.9196,0.5683,0.7475,0.9258,0.5696,1.3758,0.9058,0.5668
pisang,istockphoto-184758160-612x612.jpg,0.966,0.2315,0.9227,0.5693,0.9835,0.3241,0.7134,0.9396,0.5724,1.0273,0.9196,0.5683,0.7475,0.9258,0.5696,1.3758,0.9058,0.5668
pisang,istockphoto-185302736-612x612.jpg,0.8467,0.2221,0.9231,0.5967,0.9853,0.3561,0.4988,0.9462,0.5994,1.2424,0.9067,0.5947,0.75,0.9208,0.597,0.8957,0.9188,0.5956
pisang,istockphoto-185302736-612x612.jpg,0.8467,0.2221,0.9231,0.5967,0.9853,0.3561,0.4988,0.9462,0.5994,1.2424,0.9067,0.5947,0.75,0.9208,0.597,0.8957,0.9188,0.5956
pisang,istockphoto-186012002-612x612.jpg,0.1655,0.0676,0.9724,0.8181,0.9891,0.6694,0.1021,0.983,0.8196,0.2174,0.9658,0.8171,0.1387,0.9723,0.8184,0.2038,0.9684,0.8175
pisang,istockphoto-186012002-612x612.jpg,0.1655,0.0676,0.9724,0.8181,0.9891,0.6694,0.1021,0.983,0.8196,0.2174,0.9658,0.8171,0.1387,0.9723,0.8184,0.2038,0.9684,0.8175
pisang,istockphoto-2209570997-612x612.jpg,0.5231,0.1705,0.9378,0.6754,0.9915,0.4561,0.3538,0.9566,0.6778,0.6996,0.9273,0.6742,0.4202,0.9375,0.6755,0.6188,0.9297,0.674
pisang,istockphoto-2209570997-612x612.jpg,0.5231,0.1705,0.9378,0.6754,0.9915,0.4561,0.3538,0.9566,0.6778,0.6996,0.9273,0.6742,0.4202,0.9375,0.6755,0.6188,0.9297,0.674
pisang,istockphoto-453270811-612x612.jpg,1.1574,0.296,0.8972,0.5835,0.9861,0.3405,0.8386,0.9173,0.5855,1.7607,0.8729,0.582,0.9351,0.901,0.584,1.0954,0.8976,0.5826
pisang,istockphoto-453270811-612x612.jpg,1.1574,0.296,0.8972,0.5835,0.9861,0.3405,0.8386,0.9173,0.5855,1.7607,0.8729,0.582,0.9351,0.901,0.584,1.0954,0.8976,0.5826
pisang,istockphoto-462433767-612x612.jpg,0.8161,0.2388,0.9149,0.62,0.9879,0.3844,0.5563,0.937,0.6221,0.9488,0.908,0.6189,0.6625,0.9156,0.6205,1.0968,0.899,0.6186
pisang,istockphoto-462433767-612x612.jpg,0.8161,0.2388,0.9149,0.62,0.9879,0.3844,0.5563,0.937,0.6221,0.9488,0.908,0.6189,0.6625,0.9156,0.6205,1.0968,0.899,0.6186
pisang,istockphoto-468554282-612x612.jpg,0.372,0.1202,0.9548,0.6196,0.9874,0.3839,0.1928,0.9731,0.6221,0.4806,0.946,0.618,0.3475,0.9523,0.6201,0.4671,0.9478,0.6184
pisang,istockphoto-468554282-612x612.jpg,0.372,0.1202,0.9548,0.6196,0.9874,0.3839,0.1928,0.9731,0.6221,0.4806,0.946,0.618,0.3475,0.9523,0.6201,0.4671,0.9478,0.6184
pisang,istockphoto-486818690-612x612.jpg,0.7504,0.2088,0.9258,0.5492,0.986,0.3016,0.6048,0.9367,0.5513,0.8648,0.9109,0.5468,0.5362,0.9324,0.55,0.9958,0.9232,0.5487
pisang,istockphoto-486818690-612x612.jpg,0.7504,0.2088,0.9258,0.5492,0.986,0.3016,0.6048,0.9367,0.5513,0.8648,0.9109,0.5468,0.5362,0.9324,0.55,0.9958,0.9232,0.5487
pisang,istockphoto-490514186-612x612.jpg,0.5662,0.1704,0.9378,0.5855,0.9794,0.3428,0.4263,0.9523,0.5878,0.5839,0.9327,0.5841,0.424,0.9397,0.5862,0.8308,0.9265,0.5838
pisang,istockphoto-490514186-612x612.jpg,0.5662,0.1704,0.9378,0.5855,0.9794,0.3428,0.4263,0.9523,0.5878,0.5839,0.9327,0.5841,0.424,0.9397,0.5862,0.8308,0.9265,0.5838
pisang,istockphoto-495671192-612x612.jpg,0.9425,0.2587,0.9071,0.4637,0.9858,0.215,0.6439,0.9333,0.4676,1.0486,0.9047,0.4624,0.7433,0.9058,0.464,1.3341,0.8847,0.4607
pisang,istockphoto-495671192-612x612.jpg,0.9425,0.2587,0.9071,0.4637,0.9858,0.215,0.6439,0.9333,0.4676,1.0486,0.9047,0.4624,0.7433,0.9058,0.464,1.3341,0.8847,0.4607
pisang,istockphoto-499360203-612x612.jpg,0.3471,0.1081,0.9574,0.6677,0.9809,0.4458,0.2591,0.9725,0.6709,0.4424,0.9521,0.6664,0.2556,0.9561,0.6676,0.4313,0.9491,0.6658
pisang,istockphoto-499360203-612x612.jpg,0.3471,0.1081,0.9574,0.6677,0.9809,0.4458,0.2591,0.9725,0.6709,0.4424,0.9521,0.6664,0.2556,0.9561,0.6676,0.4313,0.9491,0.6658
pisang,istockphoto-499436327-612x612.jpg,1.4324,0.3266,0.8889,0.4271,0.9765,0.1824,1.1256,0.9109,0.4305,1.4975,0.8877,0.4256,1.0827,0.894,0.4283,2.024,0.863,0.4239
pisang,istockphoto-499436327-612x612.jpg,1.4324,0.3266,0.8889,0.4271,0.9765,0.1824,1.1256,0.9109,0.4305,1.4975,0.8877,0.4256,1.0827,0.894,0.4283,2.024,0.863,0.4239
pisang,istockphoto-512335536-612x612.jpg,0.5614,0.1816,0.9324,0.6456,0.9835,0.4169,0.4789,0.9389,0.6464,0.7589,0.928,0.6449,0.3664,0.9427,0.6473,0.6412,0.9201,0.644
pisang,istockphoto-512335536-612x612.jpg,0.5614,0.1816,0.9324,0.6456,0.9835,0.4169,0.4789,0.9389,0.6464,0.7589,0.928,0.6449,0.3664,0.9427,0.6473,0.6412,0.9201,0.644
pisang,istockphoto-519124142-612x612.jpg,1.0009,0.1984,0.9393,0.7432,0.9606,0.5523,0.6171,0.9541,0.7448,1.4379,0.9282,0.7419,0.8609,0.9397,0.7436,1.0876,0.9352,0.7423
pisang,istockphoto-519124142-612x612.jpg,1.0009,0.1984,0.9393,0.7432,0.9606,0.5523,0.6171,0.9541,0.7448,1.4379,0.9282,0.7419,0.8609,0.9397,0.7436,1.0876,0.9352,0.7423
pisang,istockphoto-874426588-612x612.jpg,0.736,0.2595,0.9011,0.4833,0.9931,0.2336,0.4261,0.9293,0.4864,0.9757,0.8796,0.4811,0.6533,0.8995,0.4836,0.8888,0.8959,0.4822
pisang,istockphoto-874426588-612x612.jpg,0.736,0.2595,0.9011,0.4833,0.9931,0.2336,0.4261,0.9293,0.4864,0.9757,0.8796,0.4811,0.6533,0.8995,0.4836,0.8888,0.8959,0.4822
pisang,istockphoto-89486138-612x612.jpg,0.7928,0.2503,0.9065,0.5936,0.9905,0.3523,0.4411,0.9355,0.5963,0.886,0.9022,0.5925,0.7231,0.9052,0.5938,1.1209,0.883,0.5916
pisang,istockphoto-89486138-612x612.jpg,0.7928,0.2503,0.9065,0.5936,0.9905,0.3523,0.4411,0.9355,0.5963,0.886,0.9022,0.5925,0.7231,0.9052,0.5938,1.1209,0.883,0.5916
pisang,istockphoto-89924216-612x612.jpg,0.8509,0.2362,0.9173,0.6574,0.9874,0.4321,0.6193,0.9347,0.6594,0.9728,0.9024,0.6562,0.6543,0.9217,0.6577,1.1572,0.9105,0.6562
pisang,istockphoto-89924216-612x612.jpg,0.8509,0.2362,0.9173,0.6574,0.9874,0.4321,0.6193,0.9347,0.6594,0.9728,0.9024,0.6562,0.6543,0.9217,0.6577,1.1572,0.9105,0.6562
pisang,istockphoto-91710396-612x612.jpg,0.5105,0.1559,0.9431,0.6156,0.986,0.379,0.3445,0.9605,0.6183,0.5261,0.9403,0.6145,0.409,0.9417,0.6159,0.7624,0.9297,0.6138
pisang,istockphoto-91710396-612x612.jpg,0.5105,0.1559,0.9431,0.6156,0.986,0.379,0.3445,0.9605,0.6183,0.5261,0.9403,0.6145,0.409,0.9417,0.6159,0.7624,0.9297,0.6138
pisang,istockphoto-93029283-612x612.jpg,0.2054,0.0729,0.9725,0.7592,0.977,0.5764,0.1176,0.9824,0.7613,0.2804,0.9671,0.7579,0.1842,0.9714,0.7593,0.2396,0.969,0.7583
pisang,istockphoto-93029283-612x612.jpg,0.2054,0.0729,0.9725,0.7592,0.977,0.5764,0.1176,0.9824,0.7613,0.2804,0.9671,0.7579,0.1842,0.9714,0.7593,0.2396,0.969,0.7583
pisang,istockphoto-93385142-612x612.jpg,1.0161,0.2399,0.9185,0.5195,0.9833,0.2698,0.8647,0.9403,0.523,1.2304,0.9025,0.5171,0.7052,0.9184,0.5199,1.2642,0.9128,0.5179
pisang,istockphoto-93385142-612x612.jpg,1.0161,0.2399,0.9185,0.5195,0.9833,0.2698,0.8647,0.9403,0.523,1.2304,0.9025,0.5171,0.7052,0.9184,0.5199,1.2642,0.9128,0.5179
pisang,istockphoto-953956760-612x612.jpg,0.8397,0.2668,0.9028,0.553,0.9907,0.3058,0.4037,0.9386,0.5561,0.9421,0.8934,0.5518,0.7954,0.8978,0.5533,1.2176,0.8812,0.5509
pisang,istockphoto-953956760-612x612.jpg,0.8397,0.2668,0.9028,0.553,0.9907,0.3058,0.4037,0.9386,0.5561,0.9421,0.8934,0.5518,0.7954,0.8978,0.5533,1.2176,0.8812,0.5509
pisang,istockphoto-96891345-612x612.jpg,0.8079,0.2094,0.9283,0.6128,0.9851,0.3755,0.6876,0.9463,0.6153,1.145,0.9123,0.611,0.5363,0.9303,0.6131,0.8626,0.9241,0.6117
pisang,istockphoto-96891345-612x612.jpg,0.8079,0.2094,0.9283,0.6128,0.9851,0.3755,0.6876,0.9463,0.6153,1.145,0.9123,0.611,0.5363,0.9303,0.6131,0.8626,0.9241,0.6117
pisang,istockphoto-97689079-612x612.jpg,0.3024,0.0979,0.9637,0.7173,0.9828,0.5145,0.1649,0.9779,0.7196,0.3814,0.957,0.7162,0.273,0.9617,0.7174,0.3904,0.9583,0.7159
pisang,istockphoto-97689079-612x612.jpg,0.3024,0.0979,0.9637,0.7173,0.9828,0.5145,0.1649,0.9779,0.7196,0.3814,0.957,0.7162,0.273,0.9617,0.7174,0.3904,0.9583,0.7159
