Kategori,Nama_File,Mean_R,Mean_G,Mean_B,Std_R,Std_G,Std_B,Mean_H,Mean_S,Mean_V,Std_H,Std_S,Std_V,Skew_R,Skew_G,Skew_B,Kurt_R,Kurt_G,Kurt_B
apel,istockphoto-104118859-612x612.jpg,201.33,173.76,174.03,68.63,97.96,97.88,66.25,63.27,203.07,81.78,80.41,66.94,-0.78,-0.5,-0.49,-0.99,-1.6,-1.63
apel,istockphoto-104118859-612x612.jpg,201.33,173.76,174.03,68.63,97.96,97.88,66.25,63.27,203.07,81.78,80.41,66.94,-0.78,-0.5,-0.49,-0.99,-1.6,-1.63
apel,istockphoto-1071724874-612x612.jpg,219.73,152.97,151.64,49.43,100.9,99.27,51.91,98.47,219.76,79.0,97.03,49.45,-1.08,-0.2,-0.08,-0.39,-1.69,-1.79
apel,istockphoto-1071724874-612x612.jpg,219.73,152.97,151.64,49.43,100.9,99.27,51.91,98.47,219.76,79.0,97.03,49.45,-1.08,-0.2,-0.08,-0.39,-1.69,-1.79
apel,istockphoto-1129330002-612x612.jpg,223.18,168.52,167.9,43.46,103.17,100.42,56.76,84.71,224.11,80.66,100.5,41.88,-1.22,-0.52,-0.38,0.73,-1.53,-1.72
apel,istockphoto-1129330002-612x612.jpg,223.18,168.52,167.9,43.46,103.17,100.42,56.76,84.71,224.11,80.66,100.5,41.88,-1.22,-0.52,-0.38,0.73,-1.53,-1.72
apel,istockphoto-1129330005-612x612.jpg,221.59,156.45,159.69,43.29,106.69,101.93,62.38,93.4,221.62,83.76,102.69,43.31,-1.17,-0.29,-0.24,0.82,-1.74,-1.8
apel,istockphoto-1129330005-612x612.jpg,221.59,156.45,159.69,43.29,106.69,101.93,62.38,93.4,221.62,83.76,102.69,43.31,-1.17,-0.29,-0.24,0.82,-1.74,-1.8
apel,istockphoto-1129330007-612x612.jpg,222.67,173.56,173.07,46.0,102.68,100.52,51.7,78.84,223.55,78.41,100.22,44.32,-1.3,-0.63,-0.52,0.87,-1.4,-1.6
apel,istockphoto-1129330007-612x612.jpg,222.67,173.56,173.07,46.0,102.68,100.52,51.7,78.84,223.55,78.41,100.22,44.32,-1.3,-0.63,-0.52,0.87,-1.4,-1.6
apel,istockphoto-1194909938-612x612.jpg,229.54,172.45,168.53,33.85,101.18,104.48,8.19,81.5,229.57,33.73,100.17,33.86,-0.93,-0.55,-0.49,-0.29,-1.52,-1.62
apel,istockphoto-1194909938-612x612.jpg,229.54,172.45,168.53,33.85,101.18,104.48,8.19,81.5,229.57,33.73,100.17,33.86,-0.93,-0.55,-0.49,-0.29,-1.52,-1.62
apel,istockphoto-1211615527-612x612.jpg,207.81,147.7,151.32,51.36,100.26,96.24,82.34,95.23,207.84,87.49,91.58,51.38,-0.6,-0.05,-0.04,-1.15,-1.75,-1.74
apel,istockphoto-1211615527-612x612.jpg,207.81,147.7,151.32,51.36,100.26,96.24,82.34,95.23,207.84,87.49,91.58,51.38,-0.6,-0.05,-0.04,-1.15,-1.75,-1.74
apel,istockphoto-1251667475-612x612.jpg,212.2,152.95,159.4,48.98,107.41,100.03,79.35,93.82,212.24,87.0,102.13,49.0,-0.59,-0.26,-0.25,-1.23,-1.74,-1.75
apel,istockphoto-1251667475-612x612.jpg,212.2,152.95,159.4,48.98,107.41,100.03,79.35,93.82,212.24,87.0,102.13,49.0,-0.59,-0.26,-0.25,-1.23,-1.74,-1.75
apel,istockphoto-1278670245-612x612.jpg,228.13,170.76,158.84,57.82,92.17,102.19,22.62,93.08,235.8,52.05,100.11,35.79,-2.61,-0.41,-0.27,5.6,-1.5,-1.71
apel,istockphoto-1278670245-612x612.jpg,228.13,170.76,158.84,57.82,92.17,102.19,22.62,93.08,235.8,52.05,100.11,35.79,-2.61,-0.41,-0.27,5.6,-1.5,-1.71
apel,istockphoto-1291262170-612x612.jpg,225.48,164.32,167.53,39.13,101.42,96.99,62.17,84.18,225.52,83.91,95.93,39.15,-0.96,-0.37,-0.34,-0.52,-1.68,-1.72
apel,istockphoto-1291262170-612x612.jpg,225.48,164.32,167.53,39.13,101.42,96.99,62.17,84.18,225.52,83.91,95.93,39.15,-0.96,-0.37,-0.34,-0.52,-1.68,-1.72
apel,istockphoto-1296217548-612x612.jpg,223.79,163.65,158.08,38.34,91.55,94.46,50.76,89.82,224.92,77.65,90.31,35.96,-1.22,-0.21,-0.1,1.02,-1.69,-1.78
apel,istockphoto-1296217548-612x612.jpg,223.79,163.65,158.08,38.34,91.55,94.46,50.76,89.82,224.92,77.65,90.31,35.96,-1.22,-0.21,-0.1,1.02,-1.69,-1.78
apel,istockphoto-1312496608-612x612.jpg,224.14,167.24,151.19,40.82,88.51,98.82,18.51,95.16,224.17,48.13,93.23,40.84,-1.19,-0.28,-0.04,0.46,-1.6,-1.81
apel,istockphoto-1312496608-612x612.jpg,224.14,167.24,151.19,40.82,88.51,98.82,18.51,95.16,224.17,48.13,93.23,40.84,-1.19,-0.28,-0.04,0.46,-1.6,-1.81
apel,istockphoto-1317485931-612x612.jpg,218.45,146.36,146.36,45.02,99.31,98.03,52.24,100.32,218.48,79.94,94.01,45.04,-0.93,-0.0,0.06,-0.49,-1.74,-1.78
apel,istockphoto-1317485931-612x612.jpg,218.45,146.36,146.36,45.02,99.31,98.03,52.24,100.32,218.48,79.94,94.01,45.04,-0.93,-0.0,0.06,-0.49,-1.74,-1.78
apel,istockphoto-139536288-612x612.jpg,238.41,182.34,161.16,39.3,85.49,100.42,14.53,91.3,244.53,28.16,98.92,21.19,-3.18,-0.59,-0.29,9.44,-1.39,-1.74
apel,istockphoto-139536288-612x612.jpg,238.41,182.34,161.16,39.3,85.49,100.42,14.53,91.3,244.53,28.16,98.92,21.19,-3.18,-0.59,-0.29,9.44,-1.39,-1.74
apel,istockphoto-145152710-612x612.jpg,226.78,193.41,184.59,45.0,82.06,92.72,9.28,61.62,227.86,31.45,81.54,42.27,-1.5,-0.72,-0.65,1.23,-1.26,-1.45
apel,istockphoto-145152710-612x612.jpg,226.78,193.41,184.59,45.0,82.06,92.72,9.28,61.62,227.86,31.45,81.54,42.27,-1.5,-0.72,-0.65,1.23,-1.26,-1.45
apel,istockphoto-146074221-612x612.jpg,231.45,193.83,189.5,36.15,85.92,91.9,2.72,57.92,231.47,14.1,82.64,36.16,-1.35,-0.77,-0.77,1.06,-1.3,-1.29
apel,istockphoto-146074221-612x612.jpg,231.45,193.83,189.5,36.15,85.92,91.9,2.72,57.92,231.47,14.1,82.64,36.16,-1.35,-0.77,-0.77,1.06,-1.3,-1.29
apel,istockphoto-146899851-612x612.jpg,242.82,195.44,191.02,22.17,85.96,90.75,16.58,61.25,243.2,33.4,86.92,22.35,-2.33,-0.88,-0.84,7.19,-1.07,-1.13
apel,istockphoto-146899851-612x612.jpg,242.82,195.44,191.02,22.17,85.96,90.75,16.58,61.25,243.2,33.4,86.92,22.35,-2.33,-0.88,-0.84,7.19,-1.07,-1.13
apel,istockphoto-147072004-612x612.jpg,252.55,207.06,209.26,9.7,83.96,79.55,34.72,47.89,252.58,69.61,83.97,9.7,-8.57,-1.35,-1.33,98.12,0.09,0.04
apel,istockphoto-147072004-612x612.jpg,252.55,207.06,209.26,9.7,83.96,79.55,34.72,47.89,252.58,69.61,83.97,9.7,-8.57,-1.35,-1.33,98.12,0.09,0.04
apel,istockphoto-147666530-612x612.jpg,228.36,164.3,161.5,37.24,105.12,107.36,22.05,90.01,228.41,56.8,104.03,37.27,-1.29,-0.38,-0.34,0.71,-1.72,-1.79
apel,istockphoto-147666530-612x612.jpg,228.36,164.3,161.5,37.24,105.12,107.36,22.05,90.01,228.41,56.8,104.03,37.27,-1.29,-0.38,-0.34,0.71,-1.72,-1.79
apel,istockphoto-1489396457-612x612.jpg,227.57,153.26,153.28,37.71,92.96,87.47,79.96,102.93,231.0,83.38,93.46,29.15,-1.97,-0.18,0.07,4.01,-1.52,-1.67
apel,istockphoto-1489396457-612x612.jpg,227.57,153.26,153.28,37.71,92.96,87.47,79.96,102.93,231.0,83.38,93.46,29.15,-1.97,-0.18,0.07,4.01,-1.52,-1.67
apel,istockphoto-1605993675-612x612.jpg,224.73,158.74,155.9,43.02,96.29,93.47,76.08,100.59,228.85,82.78,97.66,33.73,-1.65,-0.31,-0.06,2.12,-1.54,-1.76
apel,istockphoto-1605993675-612x612.jpg,224.73,158.74,155.9,43.02,96.29,93.47,76.08,100.59,228.85,82.78,97.66,33.73,-1.65,-0.31,-0.06,2.12,-1.54,-1.76
apel,istockphoto-166138544-612x612.jpg,235.51,184.03,184.87,36.22,96.1,94.02,42.95,66.76,235.56,75.38,92.51,36.16,-1.86,-0.77,-0.73,2.44,-1.23,-1.28
apel,istockphoto-166138544-612x612.jpg,235.51,184.03,184.87,36.22,96.1,94.02,42.95,66.76,235.56,75.38,92.51,36.16,-1.86,-0.77,-0.73,2.44,-1.23,-1.28
apel,istockphoto-172381794-612x612.jpg,211.66,178.73,178.85,56.18,96.0,94.02,68.81,65.24,212.67,78.76,88.74,55.14,-0.98,-0.71,-0.63,-0.41,-1.26,-1.42
apel,istockphoto-172381794-612x612.jpg,211.66,178.73,178.85,56.18,96.0,94.02,68.81,65.24,212.67,78.76,88.74,55.14,-0.98,-0.71,-0.63,-0.41,-1.26,-1.42
apel,istockphoto-177110145-612x612.jpg,207.67,143.22,149.45,46.01,95.35,92.24,130.43,96.56,208.32,63.02,89.15,46.59,-0.62,-0.04,-0.06,-0.98,-1.73,-1.72
apel,istockphoto-177110145-612x612.jpg,207.67,143.22,149.45,46.01,95.35,92.24,130.43,96.56,208.32,63.02,89.15,46.59,-0.62,-0.04,-0.06,-0.98,-1.73,-1.72
apel,istockphoto-177247793-612x612.jpg,238.03,207.62,204.77,34.08,80.25,82.82,20.33,45.07,238.48,54.46,75.97,33.44,-2.32,-1.27,-1.19,5.79,-0.14,-0.38
apel,istockphoto-177247793-612x612.jpg,238.03,207.62,204.77,34.08,80.25,82.82,20.33,45.07,238.48,54.46,75.97,33.44,-2.32,-1.27,-1.19,5.79,-0.14,-0.38
apel,istockphoto-179514712-612x612.jpg,238.8,210.63,203.32,29.2,72.15,82.96,13.55,46.03,239.05,41.92,75.96,28.55,-1.85,-1.25,-1.15,2.49,-0.13,-0.5
apel,istockphoto-179514712-612x612.jpg,238.8,210.63,203.32,29.2,72.15,82.96,13.55,46.03,239.05,41.92,75.96,28.55,-1.85,-1.25,-1.15,2.49,-0.13,-0.5
apel,istockphoto-185071735-612x612.jpg,218.7,176.2,173.8,50.55,98.42,99.97,36.28,71.89,219.93,69.32,94.79,48.18,-1.25,-0.66,-0.6,0.63,-1.33,-1.46
apel,istockphoto-185071735-612x612.jpg,218.7,176.2,173.8,50.55,98.42,99.97,36.28,71.89,219.93,69.32,94.79,48.18,-1.25,-0.66,-0.6,0.63,-1.33,-1.46
apel,istockphoto-185689098-612x612.jpg,232.58,196.91,197.25,37.25,88.24,87.45,35.78,51.51,232.89,69.86,80.18,36.59,-1.57,-0.99,-0.98,1.83,-0.85,-0.87
apel,istockphoto-185689098-612x612.jpg,232.58,196.91,197.25,37.25,88.24,87.45,35.78,51.51,232.89,69.86,80.18,36.59,-1.57,-0.99,-0.98,1.83,-0.85,-0.87
apel,istockphoto-186843005-612x612.jpg,199.49,141.18,140.23,58.34,108.02,105.5,84.56,109.59,201.69,85.54,105.85,55.69,-0.56,-0.08,0.03,-1.01,-1.8,-1.84
apel,istockphoto-186843005-612x612.jpg,199.49,141.18,140.23,58.34,108.02,105.5,84.56,109.59,201.69,85.54,105.85,55.69,-0.56,-0.08,0.03,-1.01,-1.8,-1.84
apel,istockphoto-187185922-612x612.jpg,231.41,174.67,166.84,31.63,96.67,105.1,7.22,82.95,231.47,29.85,101.54,31.63,-1.11,-0.49,-0.44,0.53,-1.62,-1.71
apel,istockphoto-187185922-612x612.jpg,231.41,174.67,166.84,31.63,96.67,105.1,7.22,82.95,231.47,29.85,101.54,31.63,-1.11,-0.49,-0.44,0.53,-1.62,-1.71
apel,istockphoto-2218780905-612x612.jpg,222.48,176.58,174.26,48.88,89.3,90.67,49.47,71.32,223.52,76.88,81.48,46.33,-1.38,-0.41,-0.35,0.79,-1.61,-1.71
apel,istockphoto-2218780905-612x612.jpg,222.48,176.58,174.26,48.88,89.3,90.67,49.47,71.32,223.52,76.88,81.48,46.33,-1.38,-0.41,-0.35,0.79,-1.61,-1.71
apel,istockphoto-2218780960-612x612.jpg,228.94,183.75,179.76,44.34,87.48,90.9,44.07,70.34,230.3,73.63,86.77,40.48,-1.83,-0.63,-0.56,2.67,-1.3,-1.43
apel,istockphoto-2218780960-612x612.jpg,228.94,183.75,179.76,44.34,87.48,90.9,44.07,70.34,230.3,73.63,86.77,40.48,-1.83,-0.63,-0.56,2.67,-1.3,-1.43
apel,istockphoto-465833631-612x612.jpg,231.11,188.69,195.36,32.64,90.06,84.59,128.36,61.27,233.63,38.91,87.8,33.25,-1.98,-1.03,-1.03,4.05,-0.65,-0.62
apel,istockphoto-465833631-612x612.jpg,231.11,188.69,195.36,32.64,90.06,84.59,128.36,61.27,233.63,38.91,87.8,33.25,-1.98,-1.03,-1.03,4.05,-0.65,-0.62
apel,istockphoto-466413957-612x612.jpg,235.57,177.41,173.17,31.97,99.74,102.88,16.93,78.48,236.14,48.83,101.24,31.14,-1.67,-0.69,-0.62,2.03,-1.31,-1.43
apel,istockphoto-466413957-612x612.jpg,235.57,177.41,173.17,31.97,99.74,102.88,16.93,78.48,236.14,48.83,101.24,31.14,-1.67,-0.69,-0.62,2.03,-1.31,-1.43
apel,istockphoto-471597370-612x612.jpg,223.08,168.6,173.58,41.66,102.33,96.25,75.6,79.69,223.11,86.49,96.6,41.69,-0.93,-0.48,-0.47,-0.34,-1.59,-1.59
apel,istockphoto-471597370-612x612.jpg,223.08,168.6,173.58,41.66,102.33,96.25,75.6,79.69,223.11,86.49,96.6,41.69,-0.93,-0.48,-0.47,-0.34,-1.59,-1.59
apel,istockphoto-479800900-612x612.jpg,239.19,206.44,200.17,31.63,76.39,83.03,5.41,49.61,239.88,23.97,75.84,30.48,-2.68,-1.13,-1.0,8.83,-0.45,-0.76
apel,istockphoto-479800900-612x612.jpg,239.19,206.44,200.17,31.63,76.39,83.03,5.41,49.61,239.88,23.97,75.84,30.48,-2.68,-1.13,-1.0,8.83,-0.45,-0.76
apel,istockphoto-483874492-612x612.jpg,212.71,159.97,150.94,49.89,96.56,102.18,13.58,93.32,214.67,39.49,94.11,46.4,-0.82,-0.24,-0.11,-0.46,-1.68,-1.8
apel,istockphoto-483874492-612x612.jpg,212.71,159.97,150.94,49.89,96.56,102.18,13.58,93.32,214.67,39.49,94.11,46.4,-0.82,-0.24,-0.11,-0.46,-1.68,-1.8
apel,istockphoto-488957174-612x612.jpg,222.57,183.17,190.01,47.32,97.56,88.48,66.09,61.75,222.65,83.56,87.09,47.36,-1.14,-0.73,-0.74,0.0,-1.33,-1.3
apel,istockphoto-488957174-612x612.jpg,222.57,183.17,190.01,47.32,97.56,88.48,66.09,61.75,222.65,83.56,87.09,47.36,-1.14,-0.73,-0.74,0.0,-1.33,-1.3
apel,istockphoto-501044585-612x612.jpg,193.17,163.63,163.18,69.52,97.1,96.53,82.92,74.22,196.92,69.45,82.77,64.54,-0.65,-0.31,-0.31,-0.81,-1.69,-1.71
apel,istockphoto-501044585-612x612.jpg,193.17,163.63,163.18,69.52,97.1,96.53,82.92,74.22,196.92,69.45,82.77,64.54,-0.65,-0.31,-0.31,-0.81,-1.69,-1.71
apel,istockphoto-517715916-612x612.jpg,237.37,193.63,193.68,28.89,88.03,87.69,40.07,57.57,237.39,73.62,83.52,28.9,-1.61,-0.86,-0.85,2.18,-1.04,-1.06
apel,istockphoto-517715916-612x612.jpg,237.37,193.63,193.68,28.89,88.03,87.69,40.07,57.57,237.39,73.62,83.52,28.9,-1.61,-0.86,-0.85,2.18,-1.04,-1.06
apel,istockphoto-586052010-612x612.jpg,223.15,183.78,190.53,46.81,97.28,88.11,65.71,61.47,223.18,84.14,86.94,46.83,-1.14,-0.74,-0.75,-0.02,-1.3,-1.28
apel,istockphoto-586052010-612x612.jpg,223.15,183.78,190.53,46.81,97.28,88.11,65.71,61.47,223.18,84.14,86.94,46.83,-1.14,-0.74,-0.75,-0.02,-1.3,-1.28
apel,istockphoto-609822514-612x612.jpg,229.69,193.39,182.63,42.25,82.42,93.07,7.08,65.99,232.88,23.02,86.06,34.58,-1.91,-0.82,-0.64,3.1,-1.0,-1.39
apel,istockphoto-609822514-612x612.jpg,229.69,193.39,182.63,42.25,82.42,93.07,7.08,65.99,232.88,23.02,86.06,34.58,-1.91,-0.82,-0.64,3.1,-1.0,-1.39
apel,istockphoto-613780354-612x612.jpg,235.28,146.11,151.05,27.9,101.05,95.05,77.6,106.9,235.34,86.45,101.29,27.92,-1.53,-0.07,-0.02,1.84,-1.73,-1.74
apel,istockphoto-613780354-612x612.jpg,235.28,146.11,151.05,27.9,101.05,95.05,77.6,106.9,235.34,86.45,101.29,27.92,-1.53,-0.07,-0.02,1.84,-1.73,-1.74
apel,istockphoto-616108408-612x612.jpg,230.73,196.77,186.76,40.96,79.74,92.28,4.11,60.71,230.78,13.58,82.84,40.97,-1.73,-0.78,-0.72,2.36,-1.17,-1.34
apel,istockphoto-616108408-612x612.jpg,230.73,196.77,186.76,40.96,79.74,92.28,4.11,60.71,230.78,13.58,82.84,40.97,-1.73,-0.78,-0.72,2.36,-1.17,-1.34
apel,istockphoto-625771024-612x612.jpg,239.08,153.53,144.36,22.31,99.43,101.6,33.02,109.87,239.12,65.31,103.17,22.33,-1.6,-0.25,-0.04,2.72,-1.63,-1.76
apel,istockphoto-625771024-612x612.jpg,239.08,153.53,144.36,22.31,99.43,101.6,33.02,109.87,239.12,65.31,103.17,22.33,-1.6,-0.25,-0.04,2.72,-1.63,-1.76
apel,istockphoto-667661104-612x612.jpg,235.3,184.67,180.14,30.03,88.82,93.19,11.88,68.69,235.33,41.05,87.67,30.04,-1.6,-0.62,-0.56,2.41,-1.42,-1.52
apel,istockphoto-667661104-612x612.jpg,235.3,184.67,180.14,30.03,88.82,93.19,11.88,68.69,235.33,41.05,87.67,30.04,-1.6,-0.62,-0.56,2.41,-1.42,-1.52
apel,istockphoto-667680664-612x612.jpg,213.52,181.09,171.46,55.65,93.04,96.64,25.89,70.62,213.58,57.33,84.99,55.66,-1.02,-0.7,-0.47,-0.39,-1.26,-1.54
apel,istockphoto-667680664-612x612.jpg,213.52,181.09,171.46,55.65,93.04,96.64,25.89,70.62,213.58,57.33,84.99,55.66,-1.02,-0.7,-0.47,-0.39,-1.26,-1.54
apel,istockphoto-92360356-612x612.jpg,220.47,183.09,179.21,47.59,90.01,96.08,42.98,65.64,220.8,64.49,89.85,47.81,-1.2,-0.77,-0.76,0.12,-1.14,-1.16
apel,istockphoto-92360356-612x612.jpg,220.47,183.09,179.21,47.59,90.01,96.08,42.98,65.64,220.8,64.49,89.85,47.81,-1.2,-0.77,-0.76,0.12,-1.14,-1.16
apel,istockphoto-92655916-612x612.jpg,239.91,181.8,178.7,21.13,90.29,93.19,9.1,72.29,239.95,35.69,89.88,21.15,-1.36,-0.62,-0.59,1.43,-1.31,-1.4
apel,istockphoto-92655916-612x612.jpg,239.91,181.8,178.7,21.13,90.29,93.19,9.1,72.29,239.95,35.69,89.88,21.15,-1.36,-0.62,-0.59,1.43,-1.31,-1.4
apel,istockphoto-95484841-612x612.jpg,241.31,165.34,152.53,20.97,95.64,105.52,16.46,101.43,241.36,45.8,105.06,20.99,-2.1,-0.43,-0.27,6.95,-1.4,-1.66
apel,istockphoto-95484841-612x612.jpg,241.31,165.34,152.53,20.97,95.64,105.52,16.46,101.43,241.36,45.8,105.06,20.99,-2.1,-0.43,-0.27,6.95,-1.4,-1.66
nanas,istockphoto-1008429106-612x612.jpg,224.29,221.77,205.57,55.31,54.27,77.91,18.6,34.61,229.35,30.01,63.27,47.04,-1.8,-1.47,-1.25,2.15,1.0,0.06
nanas,istockphoto-1008429106-612x612.jpg,224.29,221.77,205.57,55.31,54.27,77.91,18.6,34.61,229.35,30.01,63.27,47.04,-1.8,-1.47,-1.25,2.15,1.0,0.06
nanas,istockphoto-1132807691-612x612.jpg,201.99,193.94,175.54,67.66,75.64,95.57,15.02,57.07,204.59,23.63,75.65,64.56,-0.8,-0.67,-0.53,-0.85,-1.19,-1.48
nanas,istockphoto-1132807691-612x612.jpg,201.99,193.94,175.54,67.66,75.64,95.57,15.02,57.07,204.59,23.63,75.65,64.56,-0.8,-0.67,-0.53,-0.85,-1.19,-1.48
nanas,istockphoto-1132807783-612x612.jpg,214.15,207.7,194.07,62.88,70.42,88.28,12.58,41.03,216.31,22.91,66.04,59.68,-1.2,-1.05,-0.91,-0.01,-0.53,-0.95
nanas,istockphoto-1132807783-612x612.jpg,214.15,207.7,194.07,62.88,70.42,88.28,12.58,41.03,216.31,22.91,66.04,59.68,-1.2,-1.05,-0.91,-0.01,-0.53,-0.95
nanas,istockphoto-120521928-612x612.jpg,217.01,213.21,194.66,57.12,58.47,82.5,24.33,41.43,220.1,36.13,66.12,53.37,-1.42,-1.18,-0.93,0.91,0.21,-0.72
nanas,istockphoto-120521928-612x612.jpg,217.01,213.21,194.66,57.12,58.47,82.5,24.33,41.43,220.1,36.13,66.12,53.37,-1.42,-1.18,-0.93,0.91,0.21,-0.72
nanas,istockphoto-121158297-612x612.jpg,218.59,212.8,198.47,55.82,61.08,80.27,12.4,35.15,218.89,23.89,58.38,55.4,-1.27,-1.06,-0.96,0.31,-0.32,-0.69
nanas,istockphoto-121158297-612x612.jpg,218.59,212.8,198.47,55.82,61.08,80.27,12.4,35.15,218.89,23.89,58.38,55.4,-1.27,-1.06,-0.96,0.31,-0.32,-0.69
nanas,istockphoto-1255490998-612x612.jpg,219.14,216.53,201.81,62.09,63.82,84.24,24.25,38.21,221.7,38.75,68.18,59.13,-1.73,-1.57,-1.24,1.88,1.27,-0.09
nanas,istockphoto-1255490998-612x612.jpg,219.14,216.53,201.81,62.09,63.82,84.24,24.25,38.21,221.7,38.75,68.18,59.13,-1.73,-1.57,-1.24,1.88,1.27,-0.09
nanas,istockphoto-1293845097-612x612.jpg,234.38,228.18,211.31,45.78,48.05,75.45,12.07,30.71,236.02,22.8,63.69,42.21,-2.28,-1.64,-1.42,4.08,1.46,0.5
nanas,istockphoto-1293845097-612x612.jpg,234.38,228.18,211.31,45.78,48.05,75.45,12.07,30.71,236.02,22.8,63.69,42.21,-2.28,-1.64,-1.42,4.08,1.46,0.5
nanas,istockphoto-135729530-612x612.jpg,217.45,213.16,203.46,65.68,70.54,82.56,11.81,32.15,218.54,24.87,58.68,64.35,-1.61,-1.47,-1.24,1.25,0.73,-0.09
nanas,istockphoto-135729530-612x612.jpg,217.45,213.16,203.46,65.68,70.54,82.56,11.81,32.15,218.54,24.87,58.68,64.35,-1.61,-1.47,-1.24,1.25,0.73,-0.09
nanas,istockphoto-1366787876-612x612.jpg,226.86,224.73,212.21,59.55,62.01,84.88,7.83,32.87,227.64,18.3,70.56,58.0,-1.94,-1.81,-1.61,2.3,1.74,0.79
nanas,istockphoto-1366787876-612x612.jpg,226.86,224.73,212.21,59.55,62.01,84.88,7.83,32.87,227.64,18.3,70.56,58.0,-1.94,-1.81,-1.61,2.3,1.74,0.79
nanas,istockphoto-144231660-612x612.jpg,226.33,220.37,206.45,54.86,61.19,83.44,10.06,35.59,226.74,22.82,69.55,54.14,-1.91,-1.58,-1.38,2.5,1.16,0.24
nanas,istockphoto-144231660-612x612.jpg,226.33,220.37,206.45,54.86,61.19,83.44,10.06,35.59,226.74,22.82,69.55,54.14,-1.91,-1.58,-1.38,2.5,1.16,0.24
nanas,istockphoto-144871786-612x612.jpg,207.41,195.05,180.55,64.44,76.64,93.78,27.05,55.82,208.27,42.19,82.64,64.06,-1.32,-1.02,-0.84,0.44,-0.51,-1.01
nanas,istockphoto-144871786-612x612.jpg,207.41,195.05,180.55,64.44,76.64,93.78,27.05,55.82,208.27,42.19,82.64,64.06,-1.32,-1.02,-0.84,0.44,-0.51,-1.01
nanas,istockphoto-152953394-612x612.jpg,220.82,220.58,207.06,56.49,56.24,78.34,23.68,30.63,222.83,38.3,58.07,54.09,-1.49,-1.46,-1.32,0.87,0.81,0.17
nanas,istockphoto-152953394-612x612.jpg,220.82,220.58,207.06,56.49,56.24,78.34,23.68,30.63,222.83,38.3,58.07,54.09,-1.49,-1.46,-1.32,0.87,0.81,0.17
nanas,istockphoto-152985782-612x612.jpg,228.43,224.21,215.18,54.83,61.34,74.82,23.56,27.78,230.34,26.73,57.99,51.53,-2.1,-1.9,-1.69,3.37,2.3,1.29
nanas,istockphoto-152985782-612x612.jpg,228.43,224.21,215.18,54.83,61.34,74.82,23.56,27.78,230.34,26.73,57.99,51.53,-2.1,-1.9,-1.69,3.37,2.3,1.29
nanas,istockphoto-152995139-612x612.jpg,216.65,209.7,189.13,59.3,65.34,90.55,14.29,51.34,220.56,24.8,76.16,53.57,-1.24,-1.05,-0.82,0.01,-0.38,-1.06
nanas,istockphoto-152995139-612x612.jpg,216.65,209.7,189.13,59.3,65.34,90.55,14.29,51.34,220.56,24.8,76.16,53.57,-1.24,-1.05,-0.82,0.01,-0.38,-1.06
nanas,istockphoto-155135289-612x612.jpg,219.39,214.64,199.77,59.76,64.7,85.28,14.07,39.04,221.87,23.86,69.91,55.91,-1.54,-1.37,-1.17,1.18,0.57,-0.24
nanas,istockphoto-155135289-612x612.jpg,219.39,214.64,199.77,59.76,64.7,85.28,14.07,39.04,221.87,23.86,69.91,55.91,-1.54,-1.37,-1.17,1.18,0.57,-0.24
nanas,istockphoto-172923656-612x612.jpg,222.65,218.82,203.93,57.21,59.97,84.45,17.07,38.34,226.34,32.56,71.92,50.43,-1.63,-1.38,-1.29,1.43,0.52,0.03
nanas,istockphoto-172923656-612x612.jpg,222.65,218.82,203.93,57.21,59.97,84.45,17.07,38.34,226.34,32.56,71.92,50.43,-1.63,-1.38,-1.29,1.43,0.52,0.03
nanas,istockphoto-172932390-612x612.jpg,212.38,212.27,193.86,68.3,65.26,90.84,19.07,47.91,218.57,31.43,80.25,59.9,-1.36,-1.29,-1.08,0.51,0.42,-0.47
nanas,istockphoto-172932390-612x612.jpg,212.38,212.27,193.86,68.3,65.26,90.84,19.07,47.91,218.57,31.43,80.25,59.9,-1.36,-1.29,-1.08,0.51,0.42,-0.47
nanas,istockphoto-173935152-612x612.jpg,213.5,215.22,205.45,67.0,62.75,77.8,23.0,29.56,217.9,35.67,56.85,60.59,-1.45,-1.38,-1.3,0.85,0.62,0.22
nanas,istockphoto-173935152-612x612.jpg,213.5,215.22,205.45,67.0,62.75,77.8,23.0,29.56,217.9,35.67,56.85,60.59,-1.45,-1.38,-1.3,0.85,0.62,0.22
nanas,istockphoto-174841598-612x612.jpg,217.26,209.16,187.39,65.11,65.82,93.91,14.9,59.89,225.46,27.62,86.93,47.85,-1.81,-1.05,-0.86,2.29,-0.36,-1.0
nanas,istockphoto-174841598-612x612.jpg,217.26,209.16,187.39,65.11,65.82,93.91,14.9,59.89,225.46,27.62,86.93,47.85,-1.81,-1.05,-0.86,2.29,-0.36,-1.0
nanas,istockphoto-176123145-612x612.jpg,234.1,224.39,211.69,45.9,58.1,76.99,10.95,34.52,234.3,25.86,68.43,45.7,-2.71,-2.04,-1.64,7.4,3.39,1.28
nanas,istockphoto-176123145-612x612.jpg,234.1,224.39,211.69,45.9,58.1,76.99,10.95,34.52,234.3,25.86,68.43,45.7,-2.71,-2.04,-1.64,7.4,3.39,1.28
nanas,istockphoto-178499769-612x612.jpg,220.2,213.06,189.0,58.94,63.23,93.8,12.68,52.82,221.56,21.97,83.33,56.91,-1.53,-1.21,-0.93,1.08,0.11,-0.82
nanas,istockphoto-178499769-612x612.jpg,220.2,213.06,189.0,58.94,63.23,93.8,12.68,52.82,221.56,21.97,83.33,56.91,-1.53,-1.21,-0.93,1.08,0.11,-0.82
nanas,istockphoto-178740379-612x612.jpg,218.3,216.05,205.55,62.6,66.07,81.64,12.68,31.77,220.74,24.03,61.58,58.85,-1.46,-1.44,-1.27,0.82,0.72,-0.02
nanas,istockphoto-178740379-612x612.jpg,218.3,216.05,205.55,62.6,66.07,81.64,12.68,31.77,220.74,24.03,61.58,58.85,-1.46,-1.44,-1.27,0.82,0.72,-0.02
nanas,istockphoto-178782647-612x612.jpg,213.44,213.16,194.49,71.56,68.7,94.28,13.93,48.08,217.74,24.86,79.2,64.79,-1.44,-1.32,-1.06,0.48,0.22,-0.68
nanas,istockphoto-178782647-612x612.jpg,213.44,213.16,194.49,71.56,68.7,94.28,13.93,48.08,217.74,24.86,79.2,64.79,-1.44,-1.32,-1.06,0.48,0.22,-0.68
nanas,istockphoto-182231981-612x612.jpg,228.17,221.01,206.95,48.53,58.08,77.85,11.1,35.39,229.05,22.79,64.76,47.17,-1.75,-1.6,-1.32,2.05,1.49,0.26
nanas,istockphoto-182231981-612x612.jpg,228.17,221.01,206.95,48.53,58.08,77.85,11.1,35.39,229.05,22.79,64.76,47.17,-1.75,-1.6,-1.32,2.05,1.49,0.26
nanas,istockphoto-182473485-612x612.jpg,221.56,216.97,197.89,57.68,60.84,87.21,13.61,44.5,224.61,24.03,74.45,52.56,-1.57,-1.34,-1.11,1.22,0.44,-0.43
nanas,istockphoto-182473485-612x612.jpg,221.56,216.97,197.89,57.68,60.84,87.21,13.61,44.5,224.61,24.03,74.45,52.56,-1.57,-1.34,-1.11,1.22,0.44,-0.43
nanas,istockphoto-185144690-612x612.jpg,230.56,225.64,203.8,45.14,48.97,80.75,14.26,41.28,231.98,26.45,71.21,43.16,-1.98,-1.68,-1.3,3.23,1.98,0.19
nanas,istockphoto-185144690-612x612.jpg,230.56,225.64,203.8,45.14,48.97,80.75,14.26,41.28,231.98,26.45,71.21,43.16,-1.98,-1.68,-1.3,3.23,1.98,0.19
nanas,istockphoto-186807261-612x612.jpg,224.58,214.22,192.85,50.78,67.4,92.5,14.65,53.02,225.44,30.03,85.33,49.86,-1.71,-1.64,-1.06,2.28,1.69,-0.55
nanas,istockphoto-186807261-612x612.jpg,224.58,214.22,192.85,50.78,67.4,92.5,14.65,53.02,225.44,30.03,85.33,49.86,-1.71,-1.64,-1.06,2.28,1.69,-0.55
nanas,istockphoto-186928771-612x612.jpg,230.19,225.74,210.34,49.43,53.67,78.83,12.1,32.19,232.16,23.67,63.39,45.98,-1.93,-1.62,-1.41,2.53,1.26,0.34
nanas,istockphoto-186928771-612x612.jpg,230.19,225.74,210.34,49.43,53.67,78.83,12.1,32.19,232.16,23.67,63.39,45.98,-1.93,-1.62,-1.41,2.53,1.26,0.34
nanas,istockphoto-2096261549-612x612.jpg,209.63,203.31,172.21,63.44,65.08,96.54,20.12,71.15,218.57,28.0,89.25,51.17,-1.22,-0.95,-0.59,0.31,-0.38,-1.3
nanas,istockphoto-2096261549-612x612.jpg,209.63,203.31,172.21,63.44,65.08,96.54,20.12,71.15,218.57,28.0,89.25,51.17,-1.22,-0.95,-0.59,0.31,-0.38,-1.3
nanas,istockphoto-2181463479-612x612.jpg,224.84,214.25,189.68,50.15,56.17,90.32,19.35,55.86,230.83,31.84,84.61,39.4,-1.82,-1.05,-0.98,2.67,-0.21,-0.61
nanas,istockphoto-2181463479-612x612.jpg,224.84,214.25,189.68,50.15,56.17,90.32,19.35,55.86,230.83,31.84,84.61,39.4,-1.82,-1.05,-0.98,2.67,-0.21,-0.61
nanas,istockphoto-2188481129-612x612.jpg,231.02,224.62,213.38,47.09,55.48,75.12,9.21,27.38,231.3,20.47,59.78,46.6,-1.96,-1.61,-1.53,2.88,1.21,0.82
nanas,istockphoto-2188481129-612x612.jpg,231.02,224.62,213.38,47.09,55.48,75.12,9.21,27.38,231.3,20.47,59.78,46.6,-1.96,-1.61,-1.53,2.88,1.21,0.82
nanas,istockphoto-2230793089-612x612.jpg,218.26,217.24,206.52,66.57,67.4,82.92,11.86,31.85,220.62,24.44,60.09,63.15,-1.6,-1.58,-1.35,1.14,1.09,0.15
nanas,istockphoto-2230793089-612x612.jpg,218.26,217.24,206.52,66.57,67.4,82.92,11.86,31.85,220.62,24.44,60.09,63.15,-1.6,-1.58,-1.35,1.14,1.09,0.15
nanas,istockphoto-453794089-612x612.jpg,217.45,212.58,193.45,63.36,66.98,92.2,11.95,47.74,219.32,21.98,75.29,60.35,-1.46,-1.24,-0.97,0.75,0.07,-0.86
nanas,istockphoto-453794089-612x612.jpg,217.45,212.58,193.45,63.36,66.98,92.2,11.95,47.74,219.32,21.98,75.29,60.35,-1.46,-1.24,-0.97,0.75,0.07,-0.86
nanas,istockphoto-464711675-612x612.jpg,205.8,202.32,181.35,67.94,69.22,90.34,26.74,56.38,212.74,37.89,76.74,59.76,-1.21,-1.12,-0.73,0.25,0.01,-1.08
nanas,istockphoto-464711675-612x612.jpg,205.8,202.32,181.35,67.94,69.22,90.34,26.74,56.38,212.74,37.89,76.74,59.76,-1.21,-1.12,-0.73,0.25,0.01,-1.08
nanas,istockphoto-465732960-612x612.jpg,216.06,215.68,202.61,68.3,67.39,85.8,12.97,34.71,218.5,23.66,62.97,64.69,-1.51,-1.44,-1.2,0.83,0.66,-0.27
nanas,istockphoto-465732960-612x612.jpg,216.06,215.68,202.61,68.3,67.39,85.8,12.97,34.71,218.5,23.66,62.97,64.69,-1.51,-1.44,-1.2,0.83,0.66,-0.27
nanas,istockphoto-467176151-612x612.jpg,235.07,230.95,218.51,48.98,54.75,77.91,7.89,29.45,236.08,19.66,68.2,46.49,-2.61,-2.27,-1.88,6.0,4.04,1.89
nanas,istockphoto-467176151-612x612.jpg,235.07,230.95,218.51,48.98,54.75,77.91,7.89,29.45,236.08,19.66,68.2,46.49,-2.61,-2.27,-1.88,6.0,4.04,1.89
nanas,istockphoto-469985451-612x612.jpg,233.74,231.74,221.63,48.69,49.27,68.45,13.91,23.37,235.82,30.59,55.25,44.64,-2.52,-2.25,-1.93,5.72,4.31,2.38
nanas,istockphoto-469985451-612x612.jpg,233.74,231.74,221.63,48.69,49.27,68.45,13.91,23.37,235.82,30.59,55.25,44.64,-2.52,-2.25,-1.93,5.72,4.31,2.38
nanas,istockphoto-470221128-612x612.jpg,235.01,229.62,223.78,45.27,54.85,66.35,7.83,19.86,235.23,23.13,50.41,44.94,-2.42,-2.13,-2.0,5.21,3.43,2.61
nanas,istockphoto-470221128-612x612.jpg,235.01,229.62,223.78,45.27,54.85,66.35,7.83,19.86,235.23,23.13,50.41,44.94,-2.42,-2.13,-2.0,5.21,3.43,2.61
nanas,istockphoto-478386400-612x612.jpg,225.02,217.15,198.91,54.82,61.52,87.77,11.46,43.56,226.18,23.34,74.6,52.74,-1.74,-1.35,-1.14,1.86,0.44,-0.36
nanas,istockphoto-478386400-612x612.jpg,225.02,217.15,198.91,54.82,61.52,87.77,11.46,43.56,226.18,23.34,74.6,52.74,-1.74,-1.35,-1.14,1.86,0.44,-0.36
nanas,istockphoto-480636761-612x612.jpg,224.64,215.2,198.51,57.51,65.75,87.75,13.39,45.7,228.22,26.84,76.35,50.67,-1.94,-1.45,-1.13,2.88,0.84,-0.39
nanas,istockphoto-480636761-612x612.jpg,224.64,215.2,198.51,57.51,65.75,87.75,13.39,45.7,228.22,26.84,76.35,50.67,-1.94,-1.45,-1.13,2.88,0.84,-0.39
nanas,istockphoto-495507915-612x612.jpg,209.11,208.85,198.03,74.0,72.77,87.61,17.14,34.22,212.05,30.06,62.1,70.15,-1.28,-1.23,-1.09,0.09,-0.03,-0.51
nanas,istockphoto-495507915-612x612.jpg,209.11,208.85,198.03,74.0,72.77,87.61,17.14,34.22,212.05,30.06,62.1,70.15,-1.28,-1.23,-1.09,0.09,-0.03,-0.51
nanas,istockphoto-510798092-612x612.jpg,218.57,218.07,190.73,55.02,55.14,87.2,16.81,50.86,221.57,25.1,74.19,51.41,-1.39,-1.41,-0.9,0.85,1.03,-0.78
nanas,istockphoto-510798092-612x612.jpg,218.57,218.07,190.73,55.02,55.14,87.2,16.81,50.86,221.57,25.1,74.19,51.41,-1.39,-1.41,-0.9,0.85,1.03,-0.78
nanas,istockphoto-534502336-612x612.jpg,209.32,205.99,189.91,73.27,77.16,98.93,13.28,50.86,210.54,23.71,83.81,71.83,-1.24,-1.17,-1.0,-0.06,-0.29,-0.84
nanas,istockphoto-534502336-612x612.jpg,209.32,205.99,189.91,73.27,77.16,98.93,13.28,50.86,210.54,23.71,83.81,71.83,-1.24,-1.17,-1.0,-0.06,-0.29,-0.84
nanas,istockphoto-541148662-612x612.jpg,201.42,208.11,186.09,83.21,71.26,98.62,19.17,54.47,210.04,28.35,84.06,70.33,-1.19,-1.17,-0.88,-0.19,-0.14,-1.02
nanas,istockphoto-541148662-612x612.jpg,201.42,208.11,186.09,83.21,71.26,98.62,19.17,54.47,210.04,28.35,84.06,70.33,-1.19,-1.17,-0.88,-0.19,-0.14,-1.02
nanas,istockphoto-578576926-612x612.jpg,205.75,206.0,190.74,76.74,75.58,93.73,17.66,42.44,208.85,27.38,73.01,73.05,-1.24,-1.21,-0.99,-0.01,-0.1,-0.76
nanas,istockphoto-578576926-612x612.jpg,205.75,206.0,190.74,76.74,75.58,93.73,17.66,42.44,208.85,27.38,73.01,73.05,-1.24,-1.21,-0.99,-0.01,-0.1,-0.76
nanas,istockphoto-586703630-612x612.jpg,236.25,234.5,215.7,41.13,41.38,75.31,11.04,32.71,238.75,22.18,67.49,36.05,-2.66,-2.23,-1.73,7.14,4.74,1.49
nanas,istockphoto-586703630-612x612.jpg,236.25,234.5,215.7,41.13,41.38,75.31,11.04,32.71,238.75,22.18,67.49,36.05,-2.66,-2.23,-1.73,7.14,4.74,1.49
nanas,istockphoto-89897437-612x612.jpg,233.64,222.26,212.79,43.89,58.86,75.0,13.71,28.94,234.07,33.37,65.83,43.27,-2.33,-1.77,-1.63,5.09,2.09,1.29
nanas,istockphoto-89897437-612x612.jpg,233.64,222.26,212.79,43.89,58.86,75.0,13.71,28.94,234.07,33.37,65.83,43.27,-2.33,-1.77,-1.63,5.09,2.09,1.29
nanas,istockphoto-91830998-612x612.jpg,214.08,210.32,200.3,66.85,71.91,85.68,10.8,33.31,215.09,21.69,58.21,65.39,-1.28,-1.22,-1.08,0.1,-0.07,-0.59
nanas,istockphoto-91830998-612x612.jpg,214.08,210.32,200.3,66.85,71.91,85.68,10.8,33.31,215.09,21.69,58.21,65.39,-1.28,-1.22,-1.08,0.1,-0.07,-0.59
nanas,istockphoto-92364805-612x612.jpg,219.91,218.2,204.46,56.25,57.08,77.74,19.08,31.86,221.13,20.54,61.81,54.13,-1.69,-1.55,-1.4,1.64,1.1,0.41
nanas,istockphoto-92364805-612x612.jpg,219.91,218.2,204.46,56.25,57.08,77.74,19.08,31.86,221.13,20.54,61.81,54.13,-1.69,-1.55,-1.4,1.64,1.1,0.41
nanas,istockphoto-96777024-612x612.jpg,220.07,225.5,206.69,61.93,54.41,77.92,19.48,34.54,226.09,29.2,60.36,54.06,-1.76,-1.93,-1.33,2.04,2.89,0.3
nanas,istockphoto-96777024-612x612.jpg,220.07,225.5,206.69,61.93,54.41,77.92,19.48,34.54,226.09,29.2,60.36,54.06,-1.76,-1.93,-1.33,2.04,2.89,0.3
pisang,istockphoto-111833285-612x612.jpg,235.28,237.2,204.44,33.94,31.67,74.88,13.35,43.19,238.18,20.85,66.2,30.1,-2.34,-2.84,-1.02,7.47,11.78,-0.55
pisang,istockphoto-111833285-612x612.jpg,235.28,237.2,204.44,33.94,31.67,74.88,13.35,43.19,238.18,20.85,66.2,30.1,-2.34,-2.84,-1.02,7.47,11.78,-0.55
pisang,istockphoto-1142556015-612x612.jpg,241.95,226.56,163.81,23.2,37.0,110.1,12.44,89.32,242.47,17.11,109.61,21.27,-2.88,-1.0,-0.51,10.32,-0.04,-1.57
pisang,istockphoto-1142556015-612x612.jpg,241.95,226.56,163.81,23.2,37.0,110.1,12.44,89.32,242.47,17.11,109.61,21.27,-2.88,-1.0,-0.51,10.32,-0.04,-1.57
pisang,istockphoto-1145222158-612x612.jpg,247.41,237.18,194.21,20.56,30.95,91.27,14.25,59.2,247.56,28.14,89.95,20.17,-4.12,-2.22,-1.12,19.38,5.69,-0.39
pisang,istockphoto-1145222158-612x612.jpg,247.41,237.18,194.21,20.56,30.95,91.27,14.25,59.2,247.56,28.14,89.95,20.17,-4.12,-2.22,-1.12,19.38,5.69,-0.39
pisang,istockphoto-1145692762-612x612.jpg,219.49,223.13,153.75,50.43,47.73,110.81,16.87,96.83,224.92,19.92,108.84,45.69,-1.52,-1.8,-0.29,1.8,2.97,-1.78
pisang,istockphoto-1145692762-612x612.jpg,219.49,223.13,153.75,50.43,47.73,110.81,16.87,96.83,224.92,19.92,108.84,45.69,-1.52,-1.8,-0.29,1.8,2.97,-1.78
pisang,istockphoto-1146065629-612x612.jpg,207.78,209.96,156.04,63.9,60.3,112.21,16.5,93.4,211.87,19.67,109.29,59.03,-1.12,-1.16,-0.37,0.01,0.23,-1.74
pisang,istockphoto-1146065629-612x612.jpg,207.78,209.96,156.04,63.9,60.3,112.21,16.5,93.4,211.87,19.67,109.29,59.03,-1.12,-1.16,-0.37,0.01,0.23,-1.74
pisang,istockphoto-1146507783-612x612.jpg,220.6,224.13,170.08,50.96,47.82,107.51,15.09,80.56,225.31,19.1,104.97,46.07,-1.35,-1.6,-0.61,0.84,1.9,-1.47
pisang,istockphoto-1146507783-612x612.jpg,220.6,224.13,170.08,50.96,47.82,107.51,15.09,80.56,225.31,19.1,104.97,46.07,-1.35,-1.6,-0.61,0.84,1.9,-1.47
pisang,istockphoto-1148078328-612x612.jpg,243.22,226.91,168.93,23.76,36.77,100.61,12.44,83.52,243.48,16.33,99.12,22.99,-3.79,-1.35,-0.53,17.98,1.89,-1.42
pisang,istockphoto-1148078328-612x612.jpg,243.22,226.91,168.93,23.76,36.77,100.61,12.44,83.52,243.48,16.33,99.12,22.99,-3.79,-1.35,-0.53,17.98,1.89,-1.42
pisang,istockphoto-1153426278-612x612.jpg,250.29,238.78,208.41,12.08,27.86,77.27,8.57,45.11,250.34,16.77,75.05,12.03,-5.3,-1.51,-1.23,39.7,1.21,-0.26
pisang,istockphoto-1153426278-612x612.jpg,250.29,238.78,208.41,12.08,27.86,77.27,8.57,45.11,250.34,16.77,75.05,12.03,-5.3,-1.51,-1.23,39.7,1.21,-0.26
pisang,istockphoto-1403991086-612x612.jpg,242.33,219.5,165.79,23.55,39.96,87.12,12.8,85.05,242.37,16.06,83.04,23.56,-3.04,-0.99,-0.1,10.89,0.61,-1.74
pisang,istockphoto-1403991086-612x612.jpg,242.33,219.5,165.79,23.55,39.96,87.12,12.8,85.05,242.37,16.06,83.04,23.56,-3.04,-0.99,-0.1,10.89,0.61,-1.74
pisang,istockphoto-1454764028-612x612.jpg,214.0,222.89,176.59,43.98,35.93,82.92,22.93,63.6,224.12,29.55,71.61,34.2,-0.47,-1.01,-0.27,-1.12,1.32,-1.69
pisang,istockphoto-1454764028-612x612.jpg,214.0,222.89,176.59,43.98,35.93,82.92,22.93,63.6,224.12,29.55,71.61,34.2,-0.47,-1.01,-0.27,-1.12,1.32,-1.69
pisang,istockphoto-1461328229-612x612.jpg,247.88,234.57,189.85,15.97,32.46,95.66,10.51,63.48,247.92,17.65,94.41,15.98,-4.13,-1.63,-0.95,23.81,2.77,-0.91
pisang,istockphoto-1461328229-612x612.jpg,247.88,234.57,189.85,15.97,32.46,95.66,10.51,63.48,247.92,17.65,94.41,15.98,-4.13,-1.63,-0.95,23.81,2.77,-0.91
pisang,istockphoto-147069390-612x612.jpg,249.38,244.34,222.55,15.46,24.12,70.65,5.89,30.53,249.45,15.85,67.57,15.26,-4.67,-2.43,-1.86,32.06,6.74,1.74
pisang,istockphoto-147069390-612x612.jpg,249.38,244.34,222.55,15.46,24.12,70.65,5.89,30.53,249.45,15.85,67.57,15.26,-4.67,-2.43,-1.86,32.06,6.74,1.74
pisang,istockphoto-148327893-612x612.jpg,241.44,230.08,186.54,28.28,37.05,84.75,13.38,63.52,241.75,20.62,80.23,27.44,-3.34,-2.03,-0.67,13.45,5.36,-1.19
pisang,istockphoto-148327893-612x612.jpg,241.44,230.08,186.54,28.28,37.05,84.75,13.38,63.52,241.75,20.62,80.23,27.44,-3.34,-2.03,-0.67,13.45,5.36,-1.19
pisang,istockphoto-151555636-612x612.jpg,233.88,220.03,181.99,36.06,49.06,96.55,10.86,67.42,233.91,15.17,93.27,36.07,-2.02,-1.23,-0.79,3.99,0.48,-1.09
pisang,istockphoto-151555636-612x612.jpg,233.88,220.03,181.99,36.06,49.06,96.55,10.86,67.42,233.91,15.17,93.27,36.07,-2.02,-1.23,-0.79,3.99,0.48,-1.09
pisang,istockphoto-152172736-612x612.jpg,246.02,236.83,198.2,16.29,26.54,75.26,13.84,51.83,246.09,16.75,74.27,16.3,-5.25,-2.96,-0.96,32.92,11.61,-0.62
pisang,istockphoto-152172736-612x612.jpg,246.02,236.83,198.2,16.29,26.54,75.26,13.84,51.83,246.09,16.75,74.27,16.3,-5.25,-2.96,-0.96,32.92,11.61,-0.62
pisang,istockphoto-153152189-612x612.jpg,247.65,232.43,175.09,17.74,32.44,101.38,11.95,78.18,247.7,17.07,101.37,17.73,-4.51,-1.78,-0.74,26.45,3.71,-1.18
pisang,istockphoto-153152189-612x612.jpg,247.65,232.43,175.09,17.74,32.44,101.38,11.95,78.18,247.7,17.07,101.37,17.73,-4.51,-1.78,-0.74,26.45,3.71,-1.18
pisang,istockphoto-153687315-612x612.jpg,250.02,232.77,189.03,16.49,33.09,91.84,9.43,64.56,250.07,17.03,91.68,16.49,-5.92,-1.88,-0.88,41.63,4.54,-0.92
pisang,istockphoto-153687315-612x612.jpg,250.02,232.77,189.03,16.49,33.09,91.84,9.43,64.56,250.07,17.03,91.68,16.49,-5.92,-1.88,-0.88,41.63,4.54,-0.92
pisang,istockphoto-155428659-612x612.jpg,245.95,238.72,212.63,21.27,32.29,79.8,7.0,39.62,245.98,15.97,76.27,21.27,-3.89,-2.23,-1.52,21.1,5.95,0.65
pisang,istockphoto-155428659-612x612.jpg,245.95,238.72,212.63,21.27,32.29,79.8,7.0,39.62,245.98,15.97,76.27,21.27,-3.89,-2.23,-1.52,21.1,5.95,0.65
pisang,istockphoto-160420996-612x612.jpg,250.41,236.58,199.15,17.36,30.99,81.25,8.59,54.18,250.44,15.42,79.28,17.36,-6.13,-2.29,-0.86,45.58,7.46,-1.11
pisang,istockphoto-160420996-612x612.jpg,250.41,236.58,199.15,17.36,30.99,81.25,8.59,54.18,250.44,15.42,79.28,17.36,-6.13,-2.29,-0.86,45.58,7.46,-1.11
pisang,istockphoto-173915234-612x612.jpg,232.4,222.53,191.35,34.47,46.12,85.7,10.3,54.99,232.43,15.27,77.25,34.48,-1.52,-1.2,-0.84,1.84,0.46,-0.98
pisang,istockphoto-173915234-612x612.jpg,232.4,222.53,191.35,34.47,46.12,85.7,10.3,54.99,232.43,15.27,77.25,34.48,-1.52,-1.2,-0.84,1.84,0.46,-0.98
pisang,istockphoto-174192325-612x612.jpg,236.51,224.14,177.48,32.43,44.49,98.87,11.43,73.35,236.67,15.73,96.12,32.1,-2.18,-1.32,-0.69,5.28,0.8,-1.23
pisang,istockphoto-174192325-612x612.jpg,236.51,224.14,177.48,32.43,44.49,98.87,11.43,73.35,236.67,15.73,96.12,32.1,-2.18,-1.32,-0.69,5.28,0.8,-1.23
pisang,istockphoto-175129786-612x612.jpg,246.44,231.24,168.55,23.56,33.91,104.74,12.7,84.61,246.59,17.84,104.25,23.28,-3.98,-1.93,-0.54,18.3,5.01,-1.5
pisang,istockphoto-175129786-612x612.jpg,246.44,231.24,168.55,23.56,33.91,104.74,12.7,84.61,246.59,17.84,104.25,23.28,-3.98,-1.93,-0.54,18.3,5.01,-1.5
pisang,istockphoto-176810394-612x612.jpg,253.86,246.26,209.55,6.9,16.59,82.78,8.16,45.26,253.99,17.23,82.63,5.85,-9.55,-2.07,-1.47,100.74,5.46,0.52
pisang,istockphoto-176810394-612x612.jpg,253.86,246.26,209.55,6.9,16.59,82.78,8.16,45.26,253.99,17.23,82.63,5.85,-9.55,-2.07,-1.47,100.74,5.46,0.52
pisang,istockphoto-177100013-612x612.jpg,250.76,238.86,188.3,14.14,25.31,89.2,16.84,65.56,250.81,31.34,88.56,14.15,-5.67,-2.14,-0.94,37.99,6.37,-0.64
pisang,istockphoto-177100013-612x612.jpg,250.76,238.86,188.3,14.14,25.31,89.2,16.84,65.56,250.81,31.34,88.56,14.15,-5.67,-2.14,-0.94,37.99,6.37,-0.64
pisang,istockphoto-178377154-612x612.jpg,242.35,226.83,180.48,20.46,38.79,100.43,10.87,71.68,242.39,16.82,98.92,20.47,-2.23,-1.08,-0.76,6.96,0.18,-1.24
pisang,istockphoto-178377154-612x612.jpg,242.35,226.83,180.48,20.46,38.79,100.43,10.87,71.68,242.39,16.82,98.92,20.47,-2.23,-1.08,-0.76,6.96,0.18,-1.24
pisang,istockphoto-178564443-612x612.jpg,244.92,233.43,203.63,18.75,32.54,73.84,9.67,46.96,244.95,16.28,68.69,18.76,-3.08,-1.41,-0.94,13.54,1.55,-0.86
pisang,istockphoto-178564443-612x612.jpg,244.92,233.43,203.63,18.75,32.54,73.84,9.67,46.96,244.95,16.28,68.69,18.76,-3.08,-1.41,-0.94,13.54,1.55,-0.86
pisang,istockphoto-179066874-612x612.jpg,223.97,229.26,202.76,46.81,36.51,74.81,124.21,40.52,230.79,59.54,59.74,37.14,-1.44,-1.8,-1.01,0.98,2.95,-0.77
pisang,istockphoto-179066874-612x612.jpg,223.97,229.26,202.76,46.81,36.51,74.81,124.21,40.52,230.79,59.54,59.74,37.14,-1.44,-1.8,-1.01,0.98,2.95,-0.77
pisang,istockphoto-184758160-612x612.jpg,239.82,228.3,168.04,36.3,42.06,109.12,13.77,84.12,240.79,18.32,107.9,33.32,-3.55,-2.22,-0.61,13.48,5.91,-1.48
pisang,istockphoto-184758160-612x612.jpg,239.82,228.3,168.04,36.3,42.06,109.12,13.77,84.12,240.79,18.32,107.9,33.32,-3.55,-2.22,-0.61,13.48,5.91,-1.48
pisang,istockphoto-185302736-612x612.jpg,238.0,232.01,188.6,38.03,41.96,90.43,17.87,60.69,238.44,29.97,87.41,37.8,-3.35,-2.82,-0.87,11.78,8.55,-0.96
pisang,istockphoto-185302736-612x612.jpg,238.0,232.01,188.6,38.03,41.96,90.43,17.87,60.69,238.44,29.97,87.41,37.8,-3.35,-2.82,-0.87,11.78,8.55,-0.96
pisang,istockphoto-186012002-612x612.jpg,251.26,245.73,225.09,12.19,21.84,66.88,5.84,28.48,251.29,14.67,64.69,12.16,-5.58,-2.51,-1.91,42.09,6.82,1.83
pisang,istockphoto-186012002-612x612.jpg,251.26,245.73,225.09,12.19,21.84,66.88,5.84,28.48,251.29,14.67,64.69,12.16,-5.58,-2.51,-1.91,42.09,6.82,1.83
pisang,istockphoto-2209570997-612x612.jpg,225.64,231.91,202.24,46.78,37.48,82.58,22.66,44.09,232.22,30.47,74.09,36.98,-1.74,-1.99,-1.18,2.49,4.05,-0.37
pisang,istockphoto-2209570997-612x612.jpg,225.64,231.91,202.24,46.78,37.48,82.58,22.66,44.09,232.22,30.47,74.09,36.98,-1.74,-1.99,-1.18,2.49,4.05,-0.37
pisang,istockphoto-453270811-612x612.jpg,226.61,225.55,183.72,48.57,49.13,95.05,13.25,65.0,228.73,18.81,89.76,45.7,-1.86,-1.8,-0.81,2.79,2.66,-1.04
pisang,istockphoto-453270811-612x612.jpg,226.61,225.55,183.72,48.57,49.13,95.05,13.25,65.0,228.73,18.81,89.76,45.7,-1.86,-1.8,-0.81,2.79,2.66,-1.04
pisang,istockphoto-462433767-612x612.jpg,232.32,226.59,178.72,39.31,44.22,102.36,11.68,72.46,233.31,17.16,99.22,37.93,-1.93,-1.55,-0.74,3.33,1.8,-1.23
pisang,istockphoto-462433767-612x612.jpg,232.32,226.59,178.72,39.31,44.22,102.36,11.68,72.46,233.31,17.16,99.22,37.93,-1.93,-1.55,-0.74,3.33,1.8,-1.23
pisang,istockphoto-468554282-612x612.jpg,246.81,232.07,200.54,15.07,33.36,76.41,9.83,51.17,246.85,16.34,72.93,15.08,-2.98,-1.34,-0.86,15.71,1.57,-1.06
pisang,istockphoto-468554282-612x612.jpg,246.81,232.07,200.54,15.07,33.36,76.41,9.83,51.17,246.85,16.34,72.93,15.08,-2.98,-1.34,-0.86,15.71,1.57,-1.06
pisang,istockphoto-486818690-612x612.jpg,237.38,227.45,167.11,33.85,39.69,104.13,12.56,83.53,237.54,18.48,102.81,33.42,-3.27,-1.95,-0.48,12.19,4.7,-1.59
pisang,istockphoto-486818690-612x612.jpg,237.38,227.45,167.11,33.85,39.69,104.13,12.56,83.53,237.54,18.48,102.81,33.42,-3.27,-1.95,-0.48,12.19,4.7,-1.59
pisang,istockphoto-490514186-612x612.jpg,248.98,236.87,179.11,15.79,28.6,100.13,12.27,74.45,249.02,17.25,100.16,15.77,-5.63,-2.43,-0.85,42.51,8.34,-0.99
pisang,istockphoto-490514186-612x612.jpg,248.98,236.87,179.11,15.79,28.6,100.13,12.27,74.45,249.02,17.25,100.16,15.77,-5.63,-2.43,-0.85,42.51,8.34,-0.99
pisang,istockphoto-495671192-612x612.jpg,234.2,217.6,169.75,34.52,48.19,92.75,13.33,78.13,234.22,17.33,89.0,34.53,-2.52,-1.45,-0.45,7.79,1.93,-1.46
pisang,istockphoto-495671192-612x612.jpg,234.2,217.6,169.75,34.52,48.19,92.75,13.33,78.13,234.22,17.33,89.0,34.53,-2.52,-1.45,-0.45,7.79,1.93,-1.46
pisang,istockphoto-499360203-612x612.jpg,250.92,239.66,206.37,11.54,24.98,75.97,9.1,46.95,250.95,16.67,74.37,11.52,-8.2,-1.88,-1.13,113.89,5.83,-0.48
pisang,istockphoto-499360203-612x612.jpg,250.92,239.66,206.37,11.54,24.98,75.97,9.1,46.95,250.95,16.67,74.37,11.52,-8.2,-1.88,-1.13,113.89,5.83,-0.48
pisang,istockphoto-499436327-612x612.jpg,237.56,217.6,164.51,30.42,47.28,93.96,15.02,84.55,237.61,19.9,92.51,30.4,-2.86,-1.45,-0.48,10.16,1.76,-1.29
pisang,istockphoto-499436327-612x612.jpg,237.56,217.6,164.51,30.42,47.28,93.96,15.02,84.55,237.61,19.9,92.51,30.4,-2.86,-1.45,-0.48,10.16,1.76,-1.29
pisang,istockphoto-512335536-612x612.jpg,246.78,235.26,200.04,22.4,34.61,78.73,9.28,51.97,246.81,15.64,75.07,22.4,-4.59,-2.35,-0.94,27.2,6.81,-0.73
pisang,istockphoto-512335536-612x612.jpg,246.78,235.26,200.04,22.4,34.61,78.73,9.28,51.97,246.81,15.64,75.07,22.4,-4.59,-2.35,-0.94,27.2,6.81,-0.73
pisang,istockphoto-519124142-612x612.jpg,244.68,244.78,216.47,27.89,26.22,67.65,9.29,35.07,246.08,19.0,61.64,24.4,-4.39,-4.58,-1.32,24.04,26.22,0.12
pisang,istockphoto-519124142-612x612.jpg,244.68,244.78,216.47,27.89,26.22,67.65,9.29,35.07,246.08,19.0,61.64,24.4,-4.39,-4.58,-1.32,24.04,26.22,0.12
pisang,istockphoto-874426588-612x612.jpg,203.37,215.13,166.4,61.74,52.08,99.98,21.61,77.55,215.38,20.19,95.29,51.49,-0.86,-1.27,-0.56,-0.52,0.88,-1.34
pisang,istockphoto-874426588-612x612.jpg,203.37,215.13,166.4,61.74,52.08,99.98,21.61,77.55,215.38,20.19,95.29,51.49,-0.86,-1.27,-0.56,-0.52,0.88,-1.34
pisang,istockphoto-89486138-612x612.jpg,215.4,225.98,172.38,54.91,44.1,107.36,18.54,76.8,226.09,21.73,103.88,43.79,-1.12,-1.69,-0.65,0.16,2.7,-1.46
pisang,istockphoto-89486138-612x612.jpg,215.4,225.98,172.38,54.91,44.1,107.36,18.54,76.8,226.09,21.73,103.88,43.79,-1.12,-1.69,-0.65,0.16,2.7,-1.46
pisang,istockphoto-89924216-612x612.jpg,233.52,230.93,181.14,42.63,42.63,104.96,11.36,71.45,234.58,18.64,102.13,40.56,-2.37,-2.13,-0.79,5.35,4.49,-1.26
pisang,istockphoto-89924216-612x612.jpg,233.52,230.93,181.14,42.63,42.63,104.96,11.36,71.45,234.58,18.64,102.13,40.56,-2.37,-2.13,-0.79,5.35,4.49,-1.26
pisang,istockphoto-91710396-612x612.jpg,249.43,231.33,178.55,17.08,35.69,104.45,10.14,75.08,249.46,15.05,104.0,17.08,-5.69,-1.71,-0.78,40.04,3.39,-1.22
pisang,istockphoto-91710396-612x612.jpg,249.43,231.33,178.55,17.08,35.69,104.45,10.14,75.08,249.46,15.05,104.0,17.08,-5.69,-1.71,-0.78,40.04,3.39,-1.22
pisang,istockphoto-93029283-612x612.jpg,253.94,247.31,213.93,6.95,15.84,74.78,8.24,40.7,253.98,19.11,74.37,6.94,-11.87,-3.29,-1.38,180.75,19.21,0.13
pisang,istockphoto-93029283-612x612.jpg,253.94,247.31,213.93,6.95,15.84,74.78,8.24,40.7,253.98,19.11,74.37,6.94,-11.87,-3.29,-1.38,180.75,19.21,0.13
pisang,istockphoto-93385142-612x612.jpg,232.84,220.28,164.31,31.49,43.44,104.27,15.42,84.98,232.95,18.29,101.83,31.36,-2.22,-1.14,-0.49,7.79,0.99,-1.53
pisang,istockphoto-93385142-612x612.jpg,232.84,220.28,164.31,31.49,43.44,104.27,15.42,84.98,232.95,18.29,101.83,31.36,-2.22,-1.14,-0.49,7.79,0.99,-1.53
pisang,istockphoto-953956760-612x612.jpg,208.58,222.43,168.48,60.69,45.55,100.88,18.02,78.59,222.76,21.01,94.3,45.16,-1.1,-1.56,-0.44,0.27,2.37,-1.6
pisang,istockphoto-953956760-612x612.jpg,208.58,222.43,168.48,60.69,45.55,100.88,18.02,78.59,222.76,21.01,94.3,45.16,-1.1,-1.56,-0.44,0.27,2.37,-1.6
pisang,istockphoto-96891345-612x612.jpg,242.2,225.47,178.02,25.35,43.85,101.77,9.96,74.14,242.23,16.18,99.76,25.35,-3.38,-1.46,-0.69,17.34,1.93,-1.35
pisang,istockphoto-96891345-612x612.jpg,242.2,225.47,178.02,25.35,43.85,101.77,9.96,74.14,242.23,16.18,99.76,25.35,-3.38,-1.46,-0.69,17.34,1.93,-1.35
pisang,istockphoto-97689079-612x612.jpg,250.57,243.4,204.01,13.68,22.05,84.86,9.43,49.81,250.76,17.49,83.6,13.06,-5.46,-2.42,-1.2,39.84,8.51,-0.34
pisang,istockphoto-97689079-612x612.jpg,250.57,243.4,204.01,13.68,22.05,84.86,9.43,49.81,250.76,17.49,83.6,13.06,-5.46,-2.42,-1.2,39.84,8.51,-0.34
