Kategori,Nama_File,Contrast,Correlation,Energy,Homogeneity,Dissimilarity,Entropy,FFT_Mean,FFT_Std,Gabor_Mean
apel,istockphoto-104118859-612x612.jpg,7715.07,0.4825129174507772,0.2701674479260114,0.01,87.84,4.5,7077.11,111583.41,0.0
apel,istockphoto-104118859-612x612.jpg,7715.07,0.4825129174507772,0.2701674479260114,0.01,87.84,4.5,7077.11,111583.41,0.0
apel,istockphoto-1071724874-612x612.jpg,6861.22,0.4794275019988273,0.1765176902894578,0.01,82.83,5.38,5237.93,113243.56,0.0
apel,istockphoto-1071724874-612x612.jpg,6861.22,0.4794275019988273,0.1765176902894578,0.01,82.83,5.38,5237.93,113243.56,0.0
apel,istockphoto-1129330002-612x612.jpg,6864.61,0.4483641521853264,0.2853936079809723,0.01,82.85,4.43,5262.81,123826.54,0.0
apel,istockphoto-1129330002-612x612.jpg,6864.61,0.4483641521853264,0.2853936079809723,0.01,82.85,4.43,5262.81,123826.54,0.0
apel,istockphoto-1129330005-612x612.jpg,7354.3,0.4864613614987314,0.2385875976493894,0.01,85.76,4.77,5255.88,119861.29,0.0
apel,istockphoto-1129330005-612x612.jpg,7354.3,0.4864613614987314,0.2385875976493894,0.01,85.76,4.77,5255.88,119861.29,0.0
apel,istockphoto-1129330007-612x612.jpg,6963.14,0.4434225029206518,0.2993903536135343,0.01,83.45,4.36,5333.3,125870.92,0.0
apel,istockphoto-1129330007-612x612.jpg,6963.14,0.4434225029206518,0.2993903536135343,0.01,83.45,4.36,5333.3,125870.92,0.0
apel,istockphoto-1194909938-612x612.jpg,6522.39,0.4271465490632293,0.3013266874919826,0.01,80.76,4.26,4620.49,115556.02,0.0
apel,istockphoto-1194909938-612x612.jpg,6522.39,0.4271465490632293,0.3013266874919826,0.01,80.76,4.26,4620.49,115556.02,0.0
apel,istockphoto-1211615527-612x612.jpg,7065.44,0.5061193899540556,0.1600091436234012,0.01,84.06,5.47,5770.24,109400.44,0.0
apel,istockphoto-1211615527-612x612.jpg,7065.44,0.5061193899540556,0.1600091436234012,0.01,84.06,5.47,5770.24,109400.44,0.0
apel,istockphoto-1251667475-612x612.jpg,7819.37,0.5159360050020613,0.2107042369426985,0.01,88.43,4.93,5416.31,116448.28,0.0
apel,istockphoto-1251667475-612x612.jpg,7819.37,0.5159360050020613,0.2107042369426985,0.01,88.43,4.93,5416.31,116448.28,0.0
apel,istockphoto-1278670245-612x612.jpg,5341.22,0.3917619445069822,0.2166268770157419,0.01,73.08,4.84,5455.37,117270.86,0.0
apel,istockphoto-1278670245-612x612.jpg,5341.22,0.3917619445069822,0.2166268770157419,0.01,73.08,4.84,5455.37,117270.86,0.0
apel,istockphoto-1291262170-612x612.jpg,6563.53,0.4427774463281918,0.2483315832307247,0.01,81.02,4.67,5889.92,120607.79,0.0
apel,istockphoto-1291262170-612x612.jpg,6563.53,0.4427774463281918,0.2483315832307247,0.01,81.02,4.67,5889.92,120607.79,0.0
apel,istockphoto-1296217548-612x612.jpg,5366.33,0.4047483172928549,0.1784998202360666,0.01,73.26,5.21,4908.54,115419.27,0.0
apel,istockphoto-1296217548-612x612.jpg,5366.33,0.4047483172928549,0.1784998202360666,0.01,73.26,5.21,4908.54,115419.27,0.0
apel,istockphoto-1312496608-612x612.jpg,5379.15,0.4020600486147956,0.1748423173690026,0.01,73.34,5.36,5181.03,116819.95,0.0
apel,istockphoto-1312496608-612x612.jpg,5379.15,0.4020600486147956,0.1748423173690026,0.01,73.34,5.36,5181.03,116819.95,0.0
apel,istockphoto-1317485931-612x612.jpg,6464.86,0.4788604773083152,0.155397331879045,0.01,80.4,5.45,5526.45,110872.98,0.0
apel,istockphoto-1317485931-612x612.jpg,6464.86,0.4788604773083152,0.155397331879045,0.01,80.4,5.45,5526.45,110872.98,0.0
apel,istockphoto-139536288-612x612.jpg,4127.27,0.3266091747815299,0.1556126042348029,0.01,64.24,5.21,6907.62,109453.96,0.0
apel,istockphoto-139536288-612x612.jpg,4127.27,0.3266091747815299,0.1556126042348029,0.01,64.24,5.21,6907.62,109453.96,0.0
apel,istockphoto-145152710-612x612.jpg,4937.68,0.3472141710591964,0.3661638871912203,0.01,70.27,3.78,4657.85,106948.63,-0.0
apel,istockphoto-145152710-612x612.jpg,4937.68,0.3472141710591964,0.3661638871912203,0.01,70.27,3.78,4657.85,106948.63,-0.0
apel,istockphoto-146074221-612x612.jpg,5047.17,0.3472647029110365,0.4037246093306816,0.01,71.04,3.46,4893.21,130372.13,0.0
apel,istockphoto-146074221-612x612.jpg,5047.17,0.3472647029110365,0.4037246093306816,0.01,71.04,3.46,4893.21,130372.13,0.0
apel,istockphoto-146899851-612x612.jpg,4383.92,0.3167074549717778,0.232369253309859,0.01,66.21,4.17,3765.32,109516.27,-0.02
apel,istockphoto-146899851-612x612.jpg,4383.92,0.3167074549717778,0.232369253309859,0.01,66.21,4.17,3765.32,109516.27,-0.02
apel,istockphoto-147072004-612x612.jpg,3547.17,0.2695995389150568,0.4944129997517084,0.01,59.56,3.04,3915.49,112994.96,0.0
apel,istockphoto-147072004-612x612.jpg,3547.17,0.2695995389150568,0.4944129997517084,0.01,59.56,3.04,3915.49,112994.96,0.0
apel,istockphoto-147666530-612x612.jpg,7014.17,0.4573295049378242,0.284346386377179,0.01,83.75,4.31,4914.1,100504.68,0.0
apel,istockphoto-147666530-612x612.jpg,7014.17,0.4573295049378242,0.284346386377179,0.01,83.75,4.31,4914.1,100504.68,0.0
apel,istockphoto-1489396457-612x612.jpg,4885.69,0.39833025985602,0.1108010813057941,0.01,69.9,5.84,5872.04,111895.14,0.0
apel,istockphoto-1489396457-612x612.jpg,4885.69,0.39833025985602,0.1108010813057941,0.01,69.9,5.84,5872.04,111895.14,0.0
apel,istockphoto-1605993675-612x612.jpg,5491.77,0.4159904973042064,0.1512076266374471,0.01,74.11,5.51,5698.9,108590.76,0.0
apel,istockphoto-1605993675-612x612.jpg,5491.77,0.4159904973042064,0.1512076266374471,0.01,74.11,5.51,5698.9,108590.76,0.0
apel,istockphoto-166138544-612x612.jpg,5729.59,0.3793875663025284,0.345521037985625,0.01,75.69,4.06,5399.01,130484.64,0.0
apel,istockphoto-166138544-612x612.jpg,5729.59,0.3793875663025284,0.345521037985625,0.01,75.69,4.06,5399.01,130484.64,0.0
apel,istockphoto-172381794-612x612.jpg,6822.31,0.4380209636140752,0.1620749126322574,0.01,82.6,5.38,5668.27,125862.2,0.02
apel,istockphoto-172381794-612x612.jpg,6822.31,0.4380209636140752,0.1620749126322574,0.01,82.6,5.38,5668.27,125862.2,0.02
apel,istockphoto-177110145-612x612.jpg,6177.56,0.4817723142405385,0.0216227524551429,0.01,78.6,6.78,6946.23,105500.47,-0.01
apel,istockphoto-177110145-612x612.jpg,6177.56,0.4817723142405385,0.0216227524551429,0.01,78.6,6.78,6946.23,105500.47,-0.01
apel,istockphoto-177247793-612x612.jpg,4229.17,0.3005383549723698,0.481968178321428,0.01,65.03,3.18,6711.36,138116.28,0.0
apel,istockphoto-177247793-612x612.jpg,4229.17,0.3005383549723698,0.481968178321428,0.01,65.03,3.18,6711.36,138116.28,0.0
apel,istockphoto-179514712-612x612.jpg,3543.8,0.2727815403169288,0.3567823510554676,0.01,59.53,3.85,3885.58,127672.8,0.0
apel,istockphoto-179514712-612x612.jpg,3543.8,0.2727815403169288,0.3567823510554676,0.01,59.53,3.85,3885.58,127672.8,0.0
apel,istockphoto-185071735-612x612.jpg,6765.06,0.4360111314664905,0.232313933174868,0.01,82.25,4.92,5210.69,125837.57,0.0
apel,istockphoto-185071735-612x612.jpg,6765.06,0.4360111314664905,0.232313933174868,0.01,82.25,4.92,5210.69,125837.57,0.0
apel,istockphoto-185689098-612x612.jpg,5171.54,0.3463851874440972,0.4235625731863883,0.01,71.91,3.47,5835.29,109229.64,0.0
apel,istockphoto-185689098-612x612.jpg,5171.54,0.3463851874440972,0.4235625731863883,0.01,71.91,3.47,5835.29,109229.64,0.0
apel,istockphoto-186843005-612x612.jpg,8145.63,0.5694082400232235,0.1413464500157052,0.01,90.25,5.56,8385.26,103147.26,0.0
apel,istockphoto-186843005-612x612.jpg,8145.63,0.5694082400232235,0.1413464500157052,0.01,90.25,5.56,8385.26,103147.26,0.0
apel,istockphoto-187185922-612x612.jpg,5924.18,0.4035345682405281,0.2739943317345269,0.01,76.97,4.39,6689.89,125698.7,0.0
apel,istockphoto-187185922-612x612.jpg,5924.18,0.4035345682405281,0.2739943317345269,0.01,76.97,4.39,6689.89,125698.7,0.0
apel,istockphoto-2218780905-612x612.jpg,5568.39,0.3926739964038329,0.2673530823900362,0.01,74.62,4.5,5678.0,122340.11,0.0
apel,istockphoto-2218780905-612x612.jpg,5568.39,0.3926739964038329,0.2673530823900362,0.01,74.62,4.5,5678.0,122340.11,0.0
apel,istockphoto-2218780960-612x612.jpg,5132.48,0.3640183927233762,0.2497712190339166,0.01,71.64,4.67,6114.17,127401.3,0.0
apel,istockphoto-2218780960-612x612.jpg,5132.48,0.3640183927233762,0.2497712190339166,0.01,71.64,4.67,6114.17,127401.3,0.0
apel,istockphoto-465833631-612x612.jpg,4969.85,0.3488221575303502,0.076658698467626,0.01,70.5,5.71,6025.02,127381.34,0.03
apel,istockphoto-465833631-612x612.jpg,4969.85,0.3488221575303502,0.076658698467626,0.01,70.5,5.71,6025.02,127381.34,0.03
apel,istockphoto-466413957-612x612.jpg,5981.71,0.3980247109267381,0.2962107775564508,0.01,77.34,4.43,9357.28,122950.99,0.0
apel,istockphoto-466413957-612x612.jpg,5981.71,0.3980247109267381,0.2962107775564508,0.01,77.34,4.43,9357.28,122950.99,0.0
apel,istockphoto-471597370-612x612.jpg,6830.56,0.445646964275424,0.2658659391437314,0.01,82.65,4.54,7743.05,124017.02,0.0
apel,istockphoto-471597370-612x612.jpg,6830.56,0.445646964275424,0.2658659391437314,0.01,82.65,4.54,7743.05,124017.02,0.0
apel,istockphoto-479800900-612x612.jpg,3795.61,0.2858707788878263,0.4346696818183603,0.01,61.61,3.46,7327.38,136980.82,0.0
apel,istockphoto-479800900-612x612.jpg,3795.61,0.2858707788878263,0.4346696818183603,0.01,61.61,3.46,7327.38,136980.82,0.0
apel,istockphoto-483874492-612x612.jpg,6508.97,0.4617902699064438,0.2017911251994938,0.01,80.68,5.04,7220.66,117549.37,-1.63
apel,istockphoto-483874492-612x612.jpg,6508.97,0.4617902699064438,0.2017911251994938,0.01,80.68,5.04,7220.66,117549.37,-1.63
apel,istockphoto-488957174-612x612.jpg,6511.0,0.4122637547357036,0.3460941006117536,0.01,80.69,3.96,9146.29,128282.63,0.0
apel,istockphoto-488957174-612x612.jpg,6511.0,0.4122637547357036,0.3460941006117536,0.01,80.69,3.96,9146.29,128282.63,0.0
apel,istockphoto-501044585-612x612.jpg,7609.34,0.5056535405366437,0.1838253512243707,0.01,87.23,5.24,8973.6,116993.32,-0.0
apel,istockphoto-501044585-612x612.jpg,7609.34,0.5056535405366437,0.1838253512243707,0.01,87.23,5.24,8973.6,116993.32,-0.0
apel,istockphoto-517715916-612x612.jpg,4811.57,0.3355711984345544,0.4193453005033796,0.01,69.37,3.45,5771.33,108799.19,0.96
apel,istockphoto-517715916-612x612.jpg,4811.57,0.3355711984345544,0.4193453005033796,0.01,69.37,3.45,5771.33,108799.19,0.96
apel,istockphoto-586052010-612x612.jpg,6461.17,0.4094517912503688,0.3622357506122913,0.01,80.38,3.88,9134.55,128543.47,0.0
apel,istockphoto-586052010-612x612.jpg,6461.17,0.4094517912503688,0.3622357506122913,0.01,80.38,3.88,9134.55,128543.47,0.0
apel,istockphoto-609822514-612x612.jpg,4632.24,0.3352533078340892,0.3226439126671786,0.01,68.06,4.15,7789.87,124093.61,0.0
apel,istockphoto-609822514-612x612.jpg,4632.24,0.3352533078340892,0.3226439126671786,0.01,68.06,4.15,7789.87,124093.61,0.0
apel,istockphoto-613780354-612x612.jpg,5714.32,0.4361081509928141,0.1243004979493176,0.01,75.59,5.72,8317.88,114574.85,0.0
apel,istockphoto-613780354-612x612.jpg,5714.32,0.4361081509928141,0.1243004979493176,0.01,75.59,5.72,8317.88,114574.85,0.0
apel,istockphoto-616108408-612x612.jpg,4674.9,0.3322609503657374,0.3661145071577728,0.01,68.37,3.89,5549.53,114794.59,0.0
apel,istockphoto-616108408-612x612.jpg,4674.9,0.3322609503657374,0.3661145071577728,0.01,68.37,3.89,5549.53,114794.59,0.0
apel,istockphoto-625771024-612x612.jpg,5534.74,0.4178087679204124,0.1387142412005224,0.01,74.4,5.68,5900.11,115515.03,0.0
apel,istockphoto-625771024-612x612.jpg,5534.74,0.4178087679204124,0.1387142412005224,0.01,74.4,5.68,5900.11,115515.03,0.0
apel,istockphoto-667661104-612x612.jpg,4940.11,0.3526844895318819,0.3070172624413401,0.01,70.29,4.24,3249.24,105545.58,0.0
apel,istockphoto-667661104-612x612.jpg,4940.11,0.3526844895318819,0.3070172624413401,0.01,70.29,4.24,3249.24,105545.58,0.0
apel,istockphoto-667680664-612x612.jpg,6627.3,0.4291533423220828,0.2611717801942125,0.01,81.41,4.78,3381.79,103094.55,0.0
apel,istockphoto-667680664-612x612.jpg,6627.3,0.4291533423220828,0.2611717801942125,0.01,81.41,4.78,3381.79,103094.55,0.0
apel,istockphoto-92360356-612x612.jpg,5884.99,0.3958217642305169,0.1064883022194306,0.01,76.71,5.48,4745.58,104047.91,-0.24
apel,istockphoto-92360356-612x612.jpg,5884.99,0.3958217642305169,0.1064883022194306,0.01,76.71,5.48,4745.58,104047.91,-0.24
apel,istockphoto-92655916-612x612.jpg,4795.66,0.34831442297297,0.2894295448820294,0.01,69.25,4.41,5042.23,124243.6,0.0
apel,istockphoto-92655916-612x612.jpg,4795.66,0.34831442297297,0.2894295448820294,0.01,69.25,4.41,5042.23,124243.6,0.0
apel,istockphoto-95484841-612x612.jpg,5246.66,0.3881933404231085,0.2030726711852544,0.01,72.43,5.1,6957.25,122299.04,0.0
apel,istockphoto-95484841-612x612.jpg,5246.66,0.3881933404231085,0.2030726711852544,0.01,72.43,5.1,6957.25,122299.04,0.0
nanas,istockphoto-1008429106-612x612.jpg,3089.35,0.2518726150265727,0.3659519961185336,0.01,55.58,3.92,5635.76,104718.0,0.0
nanas,istockphoto-1008429106-612x612.jpg,3089.35,0.2518726150265727,0.3659519961185336,0.01,55.58,3.92,5635.76,104718.0,0.0
nanas,istockphoto-1132807691-612x612.jpg,5591.43,0.3849370514937434,0.2661482686802499,0.01,74.78,4.61,7016.02,95526.04,0.0
nanas,istockphoto-1132807691-612x612.jpg,5591.43,0.3849370514937434,0.2661482686802499,0.01,74.78,4.61,7016.02,95526.04,0.0
nanas,istockphoto-1132807783-612x612.jpg,4822.79,0.333748336897655,0.3786053579962338,0.01,69.45,3.82,6528.22,105305.68,0.0
nanas,istockphoto-1132807783-612x612.jpg,4822.79,0.333748336897655,0.3786053579962338,0.01,69.45,3.82,6528.22,105305.68,0.0
nanas,istockphoto-120521928-612x612.jpg,3575.21,0.2817284162846607,0.2480527571526977,0.01,59.79,4.77,7615.55,97281.34,0.02
nanas,istockphoto-120521928-612x612.jpg,3575.21,0.2817284162846607,0.2480527571526977,0.01,59.79,4.77,7615.55,97281.34,0.02
nanas,istockphoto-121158297-612x612.jpg,3744.61,0.2874275931657332,0.3402601467157538,0.01,61.19,4.08,7686.75,109056.81,0.0
nanas,istockphoto-121158297-612x612.jpg,3744.61,0.2874275931657332,0.3402601467157538,0.01,61.19,4.08,7686.75,109056.81,0.0
nanas,istockphoto-1255490998-612x612.jpg,4206.51,0.3008017558823154,0.1067959014397026,0.01,64.86,4.94,7533.59,109459.88,-0.04
nanas,istockphoto-1255490998-612x612.jpg,4206.51,0.3008017558823154,0.1067959014397026,0.01,64.86,4.94,7533.59,109459.88,-0.04
nanas,istockphoto-1293845097-612x612.jpg,2341.61,0.2121303834990265,0.4503527775421458,0.0,48.39,3.32,5555.45,116392.29,0.0
nanas,istockphoto-1293845097-612x612.jpg,2341.61,0.2121303834990265,0.4503527775421458,0.0,48.39,3.32,5555.45,116392.29,0.0
nanas,istockphoto-135729530-612x612.jpg,4905.71,0.328314693559885,0.3862079396201124,0.01,70.04,3.91,10090.95,111607.76,0.0
nanas,istockphoto-135729530-612x612.jpg,4905.71,0.328314693559885,0.3862079396201124,0.01,70.04,3.91,10090.95,111607.76,0.0
nanas,istockphoto-1366787876-612x612.jpg,4022.09,0.2832045072064054,0.5552074827090729,0.01,63.42,2.72,5281.92,116181.36,0.0
nanas,istockphoto-1366787876-612x612.jpg,4022.09,0.2832045072064054,0.5552074827090729,0.01,63.42,2.72,5281.92,116181.36,0.0
nanas,istockphoto-144231660-612x612.jpg,3726.37,0.2767513665646212,0.3913283803649901,0.01,61.04,3.74,7560.4,114112.6,0.03
nanas,istockphoto-144231660-612x612.jpg,3726.37,0.2767513665646212,0.3913283803649901,0.01,61.04,3.74,7560.4,114112.6,0.03
nanas,istockphoto-144871786-612x612.jpg,5500.57,0.3763474544147476,0.0423575876029196,0.01,74.17,6.12,10065.8,104214.69,-0.09
nanas,istockphoto-144871786-612x612.jpg,5500.57,0.3763474544147476,0.0423575876029196,0.01,74.17,6.12,10065.8,104214.69,-0.09
nanas,istockphoto-152953394-612x612.jpg,3419.87,0.2669062631989368,0.2974697525668081,0.01,58.48,4.29,7011.62,113099.8,-0.07
nanas,istockphoto-152953394-612x612.jpg,3419.87,0.2669062631989368,0.2974697525668081,0.01,58.48,4.29,7011.62,113099.8,-0.07
nanas,istockphoto-152985782-612x612.jpg,3630.45,0.2684544372231527,0.2775731459988759,0.01,60.25,3.66,8381.73,116107.36,0.01
nanas,istockphoto-152985782-612x612.jpg,3630.45,0.2684544372231527,0.2775731459988759,0.01,60.25,3.66,8381.73,116107.36,0.01
nanas,istockphoto-152995139-612x612.jpg,4231.05,0.3105835171023862,0.338134097776407,0.01,65.05,4.13,8719.53,110309.32,0.0
nanas,istockphoto-152995139-612x612.jpg,4231.05,0.3105835171023862,0.338134097776407,0.01,65.05,4.13,8719.53,110309.32,0.0
nanas,istockphoto-155135289-612x612.jpg,4179.09,0.3015664281802352,0.3544796343172213,0.01,64.65,4.04,8220.31,111580.75,-0.01
nanas,istockphoto-155135289-612x612.jpg,4179.09,0.3015664281802352,0.3544796343172213,0.01,64.65,4.04,8220.31,111580.75,-0.01
nanas,istockphoto-172923656-612x612.jpg,3685.27,0.2781308333943252,0.3738424510870018,0.01,60.71,3.76,7911.7,113761.03,-0.0
nanas,istockphoto-172923656-612x612.jpg,3685.27,0.2781308333943252,0.3738424510870018,0.01,60.71,3.76,7911.7,113761.03,-0.0
nanas,istockphoto-172932390-612x612.jpg,4570.08,0.3215985400091944,0.331518265644575,0.01,67.6,4.17,8706.2,109994.02,-0.01
nanas,istockphoto-172932390-612x612.jpg,4570.08,0.3215985400091944,0.331518265644575,0.01,67.6,4.17,8706.2,109994.02,-0.01
nanas,istockphoto-173935152-612x612.jpg,4262.82,0.3056825602042307,0.3082066176104643,0.01,65.29,4.34,9264.22,111219.27,0.01
nanas,istockphoto-173935152-612x612.jpg,4262.82,0.3056825602042307,0.3082066176104643,0.01,65.29,4.34,9264.22,111219.27,0.01
nanas,istockphoto-174841598-612x612.jpg,4328.75,0.3146510079449692,0.332105511486127,0.01,65.79,4.18,7960.69,109246.6,0.0
nanas,istockphoto-174841598-612x612.jpg,4328.75,0.3146510079449692,0.332105511486127,0.01,65.79,4.18,7960.69,109246.6,0.0
nanas,istockphoto-176123145-612x612.jpg,3063.9,0.2450919163346516,0.4153304096625597,0.01,55.35,3.63,9367.23,112481.48,0.0
nanas,istockphoto-176123145-612x612.jpg,3063.9,0.2450919163346516,0.4153304096625597,0.01,55.35,3.63,9367.23,112481.48,0.0
nanas,istockphoto-178499769-612x612.jpg,4107.57,0.3016688234781236,0.3553237196125478,0.01,64.09,4.08,9526.15,110477.11,0.0
nanas,istockphoto-178499769-612x612.jpg,4107.57,0.3016688234781236,0.3553237196125478,0.01,64.09,4.08,9526.15,110477.11,0.0
nanas,istockphoto-178740379-612x612.jpg,4400.18,0.307778345558479,0.4311879506302648,0.01,66.33,3.51,7859.15,107018.48,0.0
nanas,istockphoto-178740379-612x612.jpg,4400.18,0.307778345558479,0.4311879506302648,0.01,66.33,3.51,7859.15,107018.48,0.0
nanas,istockphoto-178782647-612x612.jpg,5137.29,0.3395040701968036,0.4123382000675116,0.01,71.67,3.69,9664.86,110713.62,0.0
nanas,istockphoto-178782647-612x612.jpg,5137.29,0.3395040701968036,0.4123382000675116,0.01,71.67,3.69,9664.86,110713.62,0.0
nanas,istockphoto-182231981-612x612.jpg,3219.98,0.2561264775011344,0.4165766423245818,0.01,56.74,3.63,8343.47,113976.38,0.0
nanas,istockphoto-182231981-612x612.jpg,3219.98,0.2561264775011344,0.4165766423245818,0.01,56.74,3.63,8343.47,113976.38,0.0
nanas,istockphoto-182473485-612x612.jpg,3825.58,0.2861276714689914,0.3890049193571312,0.01,61.85,3.82,8684.82,115818.33,0.0
nanas,istockphoto-182473485-612x612.jpg,3825.58,0.2861276714689914,0.3890049193571312,0.01,61.85,3.82,8684.82,115818.33,0.0
nanas,istockphoto-185144690-612x612.jpg,2528.22,0.2238503472886771,0.3617185737436192,0.0,50.28,3.94,7763.66,111460.65,0.0
nanas,istockphoto-185144690-612x612.jpg,2528.22,0.2238503472886771,0.3617185737436192,0.0,50.28,3.94,7763.66,111460.65,0.0
nanas,istockphoto-186807261-612x612.jpg,4081.56,0.2973107130865159,0.3376198654821944,0.01,63.89,4.15,8759.78,104566.85,0.0
nanas,istockphoto-186807261-612x612.jpg,4081.56,0.2973107130865159,0.3376198654821944,0.01,63.89,4.15,8759.78,104566.85,0.0
nanas,istockphoto-186928771-612x612.jpg,2922.51,0.2399275555743876,0.4245628747168964,0.0,54.06,3.4,6412.62,115181.46,-0.0
nanas,istockphoto-186928771-612x612.jpg,2922.51,0.2399275555743876,0.4245628747168964,0.0,54.06,3.4,6412.62,115181.46,-0.0
nanas,istockphoto-2096261549-612x612.jpg,4305.91,0.3253976848177748,0.2171514695033664,0.01,65.62,5.09,7299.47,98016.95,0.0
nanas,istockphoto-2096261549-612x612.jpg,4305.91,0.3253976848177748,0.2171514695033664,0.01,65.62,5.09,7299.47,98016.95,0.0
nanas,istockphoto-2181463479-612x612.jpg,3007.55,0.255532354683504,0.2864805559647372,0.01,54.84,4.4,5833.22,102206.44,0.0
nanas,istockphoto-2181463479-612x612.jpg,3007.55,0.255532354683504,0.2864805559647372,0.01,54.84,4.4,5833.22,102206.44,0.0
nanas,istockphoto-2188481129-612x612.jpg,2957.39,0.2414186031070267,0.4799379722813648,0.0,54.38,3.18,5714.92,114368.16,0.0
nanas,istockphoto-2188481129-612x612.jpg,2957.39,0.2414186031070267,0.4799379722813648,0.0,54.38,3.18,5714.92,114368.16,0.0
nanas,istockphoto-2230793089-612x612.jpg,4698.31,0.3168563416825253,0.4520650942765165,0.01,68.54,3.45,8583.07,113068.47,0.0
nanas,istockphoto-2230793089-612x612.jpg,4698.31,0.3168563416825253,0.4520650942765165,0.01,68.54,3.45,8583.07,113068.47,0.0
nanas,istockphoto-453794089-612x612.jpg,4618.61,0.3207782900581812,0.395423482205419,0.01,67.96,3.77,8555.11,110849.72,-0.0
nanas,istockphoto-453794089-612x612.jpg,4618.61,0.3207782900581812,0.395423482205419,0.01,67.96,3.77,8555.11,110849.72,-0.0
nanas,istockphoto-464711675-612x612.jpg,4857.36,0.3468170908209686,0.1120796348309143,0.01,69.69,5.51,9872.64,93755.59,0.01
nanas,istockphoto-464711675-612x612.jpg,4857.36,0.3468170908209686,0.1120796348309143,0.01,69.69,5.51,9872.64,93755.59,0.01
nanas,istockphoto-465732960-612x612.jpg,4806.29,0.3234967315796586,0.4405572131753803,0.01,69.33,3.5,9029.52,112050.82,0.0
nanas,istockphoto-465732960-612x612.jpg,4806.29,0.3234967315796586,0.4405572131753803,0.01,69.33,3.5,9029.52,112050.82,0.0
nanas,istockphoto-467176151-612x612.jpg,2992.37,0.2370485786323281,0.5876203283142576,0.01,54.7,2.58,7932.67,119544.99,0.0
nanas,istockphoto-467176151-612x612.jpg,2992.37,0.2370485786323281,0.5876203283142576,0.01,54.7,2.58,7932.67,119544.99,0.0
nanas,istockphoto-469985451-612x612.jpg,2541.56,0.2180627360451473,0.511327590732648,0.0,50.41,3.0,7629.0,118572.38,0.0
nanas,istockphoto-469985451-612x612.jpg,2541.56,0.2180627360451473,0.511327590732648,0.0,50.41,3.0,7629.0,118572.38,0.0
nanas,istockphoto-470221128-612x612.jpg,2787.65,0.2289907678398802,0.5401722775620518,0.01,52.8,2.78,7940.21,117929.53,0.0
nanas,istockphoto-470221128-612x612.jpg,2787.65,0.2289907678398802,0.5401722775620518,0.01,52.8,2.78,7940.21,117929.53,0.0
nanas,istockphoto-478386400-612x612.jpg,3745.77,0.2814898667027071,0.4069700624792248,0.01,61.2,3.69,7845.99,112595.28,0.0
nanas,istockphoto-478386400-612x612.jpg,3745.77,0.2814898667027071,0.4069700624792248,0.01,61.2,3.69,7845.99,112595.28,0.0
nanas,istockphoto-480636761-612x612.jpg,4034.58,0.2939022711101522,0.3970843386127504,0.01,63.52,3.78,8929.77,107976.27,0.0
nanas,istockphoto-480636761-612x612.jpg,4034.58,0.2939022711101522,0.3970843386127504,0.01,63.52,3.78,8929.77,107976.27,0.0
nanas,istockphoto-495507915-612x612.jpg,5527.23,0.3579565417985219,0.395709618765838,0.01,74.35,3.83,8840.65,109741.74,0.0
nanas,istockphoto-495507915-612x612.jpg,5527.23,0.3579565417985219,0.395709618765838,0.01,74.35,3.83,8840.65,109741.74,0.0
nanas,istockphoto-510798092-612x612.jpg,3368.65,0.2698221934398499,0.295355114007769,0.01,58.04,4.43,8442.43,97302.21,0.0
nanas,istockphoto-510798092-612x612.jpg,3368.65,0.2698221934398499,0.295355114007769,0.01,58.04,4.43,8442.43,97302.21,0.0
nanas,istockphoto-534502336-612x612.jpg,6083.02,0.3801566460753422,0.383346416479399,0.01,77.99,3.83,8599.16,109339.1,0.0
nanas,istockphoto-534502336-612x612.jpg,6083.02,0.3801566460753422,0.383346416479399,0.01,77.99,3.83,8599.16,109339.1,0.0
nanas,istockphoto-541148662-612x612.jpg,5972.51,0.379577269443558,0.3558539037122474,0.01,77.28,4.1,9374.74,103905.17,0.0
nanas,istockphoto-541148662-612x612.jpg,5972.51,0.379577269443558,0.3558539037122474,0.01,77.28,4.1,9374.74,103905.17,0.0
nanas,istockphoto-578576926-612x612.jpg,5996.3,0.379234249303956,0.3434977537581252,0.01,77.44,4.21,9838.67,108679.09,0.0
nanas,istockphoto-578576926-612x612.jpg,5996.3,0.379234249303956,0.3434977537581252,0.01,77.44,4.21,9838.67,108679.09,0.0
nanas,istockphoto-586703630-612x612.jpg,1939.71,0.1891188994013054,0.4660728552866332,0.0,44.04,3.21,6689.24,118243.27,0.0
nanas,istockphoto-586703630-612x612.jpg,1939.71,0.1891188994013054,0.4660728552866332,0.0,44.04,3.21,6689.24,118243.27,0.0
nanas,istockphoto-89897437-612x612.jpg,2954.61,0.2420248780043354,0.3393501303749655,0.01,54.36,3.81,9313.84,115090.49,0.0
nanas,istockphoto-89897437-612x612.jpg,2954.61,0.2420248780043354,0.3393501303749655,0.01,54.36,3.81,9313.84,115090.49,0.0
nanas,istockphoto-91830998-612x612.jpg,5139.67,0.3408945111414033,0.4168278810813446,0.01,71.69,3.6,8492.8,110973.67,0.0
nanas,istockphoto-91830998-612x612.jpg,5139.67,0.3408945111414033,0.4168278810813446,0.01,71.69,3.6,8492.8,110973.67,0.0
nanas,istockphoto-92364805-612x612.jpg,3456.55,0.2706828483235742,0.0849515941668293,0.01,58.79,5.49,8744.71,112099.45,-0.09
nanas,istockphoto-92364805-612x612.jpg,3456.55,0.2706828483235742,0.0849515941668293,0.01,58.79,5.49,8744.71,112099.45,-0.09
nanas,istockphoto-96777024-612x612.jpg,3461.42,0.2653410322666358,0.3681601345816723,0.01,58.83,3.9,8997.84,114559.05,0.0
nanas,istockphoto-96777024-612x612.jpg,3461.42,0.2653410322666358,0.3681601345816723,0.01,58.83,3.9,8997.84,114559.05,0.0
pisang,istockphoto-111833285-612x612.jpg,1319.79,0.1559903358880359,0.3943886356966128,0.0,36.33,3.47,3404.24,118022.04,0.0
pisang,istockphoto-111833285-612x612.jpg,1319.79,0.1559903358880359,0.3943886356966128,0.0,36.33,3.47,3404.24,118022.04,0.0
pisang,istockphoto-1142556015-612x612.jpg,1553.7,0.1759658409088578,0.261808933177457,0.0,39.42,4.27,2243.42,116791.36,0.0
pisang,istockphoto-1142556015-612x612.jpg,1553.7,0.1759658409088578,0.261808933177457,0.0,39.42,4.27,2243.42,116791.36,0.0
pisang,istockphoto-1145222158-612x612.jpg,1075.57,0.1393512388869868,0.3186330716495485,0.0,32.8,3.94,2500.21,118711.96,0.0
pisang,istockphoto-1145222158-612x612.jpg,1075.57,0.1393512388869868,0.3186330716495485,0.0,32.8,3.94,2500.21,118711.96,0.0
pisang,istockphoto-1145692762-612x612.jpg,2833.62,0.2485838319511272,0.2400802869650574,0.01,53.23,4.8,3487.24,117533.45,0.0
pisang,istockphoto-1145692762-612x612.jpg,2833.62,0.2485838319511272,0.2400802869650574,0.01,53.23,4.8,3487.24,117533.45,0.0
pisang,istockphoto-1146065629-612x612.jpg,4345.57,0.3244604967532842,0.2431443722641258,0.01,65.92,4.9,3479.83,114382.01,0.0
pisang,istockphoto-1146065629-612x612.jpg,4345.57,0.3244604967532842,0.2431443722641258,0.01,65.92,4.9,3479.83,114382.01,0.0
pisang,istockphoto-1146507783-612x612.jpg,2927.04,0.2494137834857211,0.2947142801503524,0.01,54.1,4.43,3361.89,115035.75,0.0
pisang,istockphoto-1146507783-612x612.jpg,2927.04,0.2494137834857211,0.2947142801503524,0.01,54.1,4.43,3361.89,115035.75,0.0
pisang,istockphoto-1148078328-612x612.jpg,1457.82,0.1695569036698591,0.2430791290673159,0.0,38.18,4.38,2608.46,122074.76,0.0
pisang,istockphoto-1148078328-612x612.jpg,1457.82,0.1695569036698591,0.2430791290673159,0.0,38.18,4.38,2608.46,122074.76,0.0
pisang,istockphoto-1153426278-612x612.jpg,772.96,0.116438763613971,0.442248420813042,0.0,27.8,3.04,1773.2,118922.27,0.0
pisang,istockphoto-1153426278-612x612.jpg,772.96,0.116438763613971,0.442248420813042,0.0,27.8,3.04,1773.2,118922.27,0.0
pisang,istockphoto-1403991086-612x612.jpg,1492.91,0.1754537657731444,0.2049845879280158,0.0,38.64,4.61,3307.49,129319.92,-0.04
pisang,istockphoto-1403991086-612x612.jpg,1492.91,0.1754537657731444,0.2049845879280158,0.0,38.64,4.61,3307.49,129319.92,-0.04
pisang,istockphoto-1454764028-612x612.jpg,1824.11,0.1986916081273402,0.1992806539254762,0.0,42.71,4.63,3208.16,115348.0,0.0
pisang,istockphoto-1454764028-612x612.jpg,1824.11,0.1986916081273402,0.1992806539254762,0.0,42.71,4.63,3208.16,115348.0,0.0
pisang,istockphoto-1461328229-612x612.jpg,1110.82,0.1427630326366565,0.364733382221636,0.0,33.33,3.58,1740.43,108817.22,0.0
pisang,istockphoto-1461328229-612x612.jpg,1110.82,0.1427630326366565,0.364733382221636,0.0,33.33,3.58,1740.43,108817.22,0.0
pisang,istockphoto-147069390-612x612.jpg,678.57,0.1070357539602038,0.6091626921484136,0.0,26.05,2.11,2626.47,121374.81,0.0
pisang,istockphoto-147069390-612x612.jpg,678.57,0.1070357539602038,0.6091626921484136,0.0,26.05,2.11,2626.47,121374.81,0.0
pisang,istockphoto-148327893-612x612.jpg,1439.54,0.1660300307647638,0.2639108497211605,0.0,37.94,4.37,3380.02,115704.76,0.0
pisang,istockphoto-148327893-612x612.jpg,1439.54,0.1660300307647638,0.2639108497211605,0.0,37.94,4.37,3380.02,115704.76,0.0
pisang,istockphoto-151555636-612x612.jpg,2440.57,0.2247107119901396,0.2433336045114776,0.0,49.4,4.67,3567.59,112539.91,0.0
pisang,istockphoto-151555636-612x612.jpg,2440.57,0.2247107119901396,0.2433336045114776,0.0,49.4,4.67,3567.59,112539.91,0.0
pisang,istockphoto-152172736-612x612.jpg,737.85,0.1154881438330251,0.0934548521729066,0.0,27.16,4.87,2814.05,118278.37,0.01
pisang,istockphoto-152172736-612x612.jpg,737.85,0.1154881438330251,0.0934548521729066,0.0,27.16,4.87,2814.05,118278.37,0.01
pisang,istockphoto-153152189-612x612.jpg,1132.93,0.1460524056212388,0.2783060787276927,0.0,33.66,4.23,2986.95,123000.46,0.0
pisang,istockphoto-153152189-612x612.jpg,1132.93,0.1460524056212388,0.2783060787276927,0.0,33.66,4.23,2986.95,123000.46,0.0
pisang,istockphoto-153687315-612x612.jpg,1058.1,0.1396366562040652,0.2420028696519984,0.0,32.53,3.87,3584.04,117478.96,-0.01
pisang,istockphoto-153687315-612x612.jpg,1058.1,0.1396366562040652,0.2420028696519984,0.0,32.53,3.87,3584.04,117478.96,-0.01
pisang,istockphoto-155428659-612x612.jpg,1123.41,0.1408823582315873,0.5521397576738972,0.0,33.52,2.49,2695.06,120026.42,0.0
pisang,istockphoto-155428659-612x612.jpg,1123.41,0.1408823582315873,0.5521397576738972,0.0,33.52,2.49,2695.06,120026.42,0.0
pisang,istockphoto-160420996-612x612.jpg,925.67,0.1286657133068077,0.4132352360693595,0.0,30.42,3.12,2937.74,119097.74,0.0
pisang,istockphoto-160420996-612x612.jpg,925.67,0.1286657133068077,0.4132352360693595,0.0,30.42,3.12,2937.74,119097.74,0.0
pisang,istockphoto-173915234-612x612.jpg,2171.09,0.2099526935796329,0.3035428153555394,0.0,46.59,4.18,2984.18,113276.38,0.0
pisang,istockphoto-173915234-612x612.jpg,2171.09,0.2099526935796329,0.3035428153555394,0.0,46.59,4.18,2984.18,113276.38,0.0
pisang,istockphoto-174192325-612x612.jpg,2086.16,0.2052550779595844,0.2955557806592135,0.0,45.67,4.3,3658.56,132937.08,0.0
pisang,istockphoto-174192325-612x612.jpg,2086.16,0.2052550779595844,0.2955557806592135,0.0,45.67,4.3,3658.56,132937.08,0.0
pisang,istockphoto-175129786-612x612.jpg,1286.61,0.1568750770889484,0.2339236918489929,0.0,35.87,4.42,3204.24,124746.4,0.0
pisang,istockphoto-175129786-612x612.jpg,1286.61,0.1568750770889484,0.2339236918489929,0.0,35.87,4.42,3204.24,124746.4,0.0
pisang,istockphoto-176810394-612x612.jpg,389.4,0.0807551852314085,0.5023738985744268,0.0,19.73,2.59,1759.81,127348.63,0.0
pisang,istockphoto-176810394-612x612.jpg,389.4,0.0807551852314085,0.5023738985744268,0.0,19.73,2.59,1759.81,127348.63,0.0
pisang,istockphoto-177100013-612x612.jpg,728.34,0.1140334008378953,0.2677482834792387,0.0,26.99,4.14,2383.97,119295.03,0.0
pisang,istockphoto-177100013-612x612.jpg,728.34,0.1140334008378953,0.2677482834792387,0.0,26.99,4.14,2383.97,119295.03,0.0
pisang,istockphoto-178377154-612x612.jpg,1553.98,0.1742820101977762,0.2721720987833342,0.0,39.42,4.17,2939.13,114691.57,0.0
pisang,istockphoto-178377154-612x612.jpg,1553.98,0.1742820101977762,0.2721720987833342,0.0,39.42,4.17,2939.13,114691.57,0.0
pisang,istockphoto-178564443-612x612.jpg,1047.58,0.1386327151568235,0.3205235102430263,0.0,32.37,3.84,2203.62,118046.78,0.0
pisang,istockphoto-178564443-612x612.jpg,1047.58,0.1386327151568235,0.3205235102430263,0.0,32.37,3.84,2203.62,118046.78,0.0
pisang,istockphoto-179066874-612x612.jpg,1905.76,0.1941451716087818,0.4532519073951325,0.0,43.65,3.24,3003.65,114418.91,0.0
pisang,istockphoto-179066874-612x612.jpg,1905.76,0.1941451716087818,0.4532519073951325,0.0,43.65,3.24,3003.65,114418.91,0.0
pisang,istockphoto-184758160-612x612.jpg,1982.45,0.1979864714325946,0.2304035366850144,0.0,44.52,4.67,4193.96,121035.36,0.0
pisang,istockphoto-184758160-612x612.jpg,1982.45,0.1979864714325946,0.2304035366850144,0.0,44.52,4.67,4193.96,121035.36,0.0
pisang,istockphoto-185302736-612x612.jpg,1895.92,0.1902676275701423,0.111437291579702,0.0,43.54,5.11,3586.51,116350.12,-0.03
pisang,istockphoto-185302736-612x612.jpg,1895.92,0.1902676275701423,0.111437291579702,0.0,43.54,5.11,3586.51,116350.12,-0.03
pisang,istockphoto-186012002-612x612.jpg,533.81,0.0942902346952937,0.6196954627488004,0.0,23.1,2.04,1668.7,122521.72,0.0
pisang,istockphoto-186012002-612x612.jpg,533.81,0.0942902346952937,0.6196954627488004,0.0,23.1,2.04,1668.7,122521.72,0.0
pisang,istockphoto-2209570997-612x612.jpg,2010.85,0.1978701660739104,0.1187961577810721,0.0,44.84,4.69,2888.22,115403.64,-0.03
pisang,istockphoto-2209570997-612x612.jpg,2010.85,0.1978701660739104,0.1187961577810721,0.0,44.84,4.69,2888.22,115403.64,-0.03
pisang,istockphoto-453270811-612x612.jpg,2795.94,0.2391560710287602,0.307474092087185,0.01,52.88,4.33,4676.5,122867.12,0.0
pisang,istockphoto-453270811-612x612.jpg,2795.94,0.2391560710287602,0.307474092087185,0.01,52.88,4.33,4676.5,122867.12,0.0
pisang,istockphoto-462433767-612x612.jpg,2290.28,0.2147506085701567,0.3582018405804368,0.0,47.86,3.88,3531.89,113560.93,0.0
pisang,istockphoto-462433767-612x612.jpg,2290.28,0.2147506085701567,0.3582018405804368,0.0,47.86,3.88,3531.89,113560.93,0.0
pisang,istockphoto-468554282-612x612.jpg,1025.24,0.1374880911269949,0.3296598480489428,0.0,32.02,3.72,2316.97,117445.21,0.0
pisang,istockphoto-468554282-612x612.jpg,1025.24,0.1374880911269949,0.3296598480489428,0.0,32.02,3.72,2316.97,117445.21,0.0
pisang,istockphoto-486818690-612x612.jpg,1825.95,0.1911512547562571,0.2291620566361008,0.0,42.73,4.55,3835.5,127218.11,0.0
pisang,istockphoto-486818690-612x612.jpg,1825.95,0.1911512547562571,0.2291620566361008,0.0,42.73,4.55,3835.5,127218.11,0.0
pisang,istockphoto-490514186-612x612.jpg,935.72,0.1307746481768762,0.2981615294089888,0.0,30.59,4.06,3050.53,124583.5,0.0
pisang,istockphoto-490514186-612x612.jpg,935.72,0.1307746481768762,0.2981615294089888,0.0,30.59,4.06,3050.53,124583.5,0.0
pisang,istockphoto-495671192-612x612.jpg,2238.51,0.2179198310656324,0.153503334217952,0.01,47.31,5.35,4050.45,121615.98,0.0
pisang,istockphoto-495671192-612x612.jpg,2238.51,0.2179198310656324,0.153503334217952,0.01,47.31,5.35,4050.45,121615.98,0.0
pisang,istockphoto-499360203-612x612.jpg,647.34,0.1063506262550056,0.365227481086068,0.0,25.44,3.45,2250.47,115998.91,0.0
pisang,istockphoto-499360203-612x612.jpg,647.34,0.1063506262550056,0.365227481086068,0.0,25.44,3.45,2250.47,115998.91,0.0
pisang,istockphoto-499436327-612x612.jpg,2060.25,0.2086648286300305,0.1186216693431048,0.0,45.39,5.64,5273.96,125123.52,0.0
pisang,istockphoto-499436327-612x612.jpg,2060.25,0.2086648286300305,0.1186216693431048,0.0,45.39,5.64,5273.96,125123.52,0.0
pisang,istockphoto-512335536-612x612.jpg,1176.65,0.1461533575245721,0.3912422818596486,0.0,34.3,3.51,3191.27,127172.49,0.0
pisang,istockphoto-512335536-612x612.jpg,1176.65,0.1461533575245721,0.3912422818596486,0.0,34.3,3.51,3191.27,127172.49,0.0
pisang,istockphoto-519124142-612x612.jpg,893.82,0.1237805521079554,0.5336071802809844,0.0,29.9,2.61,3843.89,121552.02,0.0
pisang,istockphoto-519124142-612x612.jpg,893.82,0.1237805521079554,0.5336071802809844,0.0,29.9,2.61,3843.89,121552.02,0.0
pisang,istockphoto-874426588-612x612.jpg,3548.66,0.2891107978457144,0.1821180751515368,0.01,59.57,5.32,3474.49,118001.99,0.0
pisang,istockphoto-874426588-612x612.jpg,3548.66,0.2891107978457144,0.1821180751515368,0.01,59.57,5.32,3474.49,118001.99,0.0
pisang,istockphoto-89486138-612x612.jpg,2822.15,0.2451488469701072,0.2736949210593792,0.01,53.12,4.37,3371.15,111439.81,-0.0
pisang,istockphoto-89486138-612x612.jpg,2822.15,0.2451488469701072,0.2736949210593792,0.01,53.12,4.37,3371.15,111439.81,-0.0
pisang,istockphoto-89924216-612x612.jpg,2292.63,0.211838154350336,0.4129447130894614,0.0,47.88,3.54,3675.78,115109.83,0.0
pisang,istockphoto-89924216-612x612.jpg,2292.63,0.211838154350336,0.4129447130894614,0.0,47.88,3.54,3675.78,115109.83,0.0
pisang,istockphoto-91710396-612x612.jpg,1258.89,0.1537727259018355,0.3301113883963331,0.0,35.48,3.86,2920.38,123694.33,0.0
pisang,istockphoto-91710396-612x612.jpg,1258.89,0.1537727259018355,0.3301113883963331,0.0,35.48,3.86,2920.38,123694.33,0.0
pisang,istockphoto-93029283-612x612.jpg,330.88,0.0740950978530328,0.5309263827197127,0.0,18.19,2.3,1861.19,130458.62,0.0
pisang,istockphoto-93029283-612x612.jpg,330.88,0.0740950978530328,0.5309263827197127,0.0,18.19,2.3,1861.19,130458.62,0.0
pisang,istockphoto-93385142-612x612.jpg,2066.37,0.2088395527306483,0.135568941234429,0.01,45.46,5.16,4158.3,110899.36,-0.01
pisang,istockphoto-93385142-612x612.jpg,2066.37,0.2088395527306483,0.135568941234429,0.01,45.46,5.16,4158.3,110899.36,-0.01
pisang,istockphoto-953956760-612x612.jpg,3053.01,0.2604632209051636,0.2826019117383352,0.01,55.25,4.41,3202.58,109494.29,0.0
pisang,istockphoto-953956760-612x612.jpg,3053.01,0.2604632209051636,0.2826019117383352,0.01,55.25,4.41,3202.58,109494.29,0.0
pisang,istockphoto-96891345-612x612.jpg,1866.2,0.1919384868411714,0.3400188093094667,0.0,43.2,3.92,3650.55,114320.56,-0.0
pisang,istockphoto-96891345-612x612.jpg,1866.2,0.1919384868411714,0.3400188093094667,0.0,43.2,3.92,3650.55,114320.56,-0.0
pisang,istockphoto-97689079-612x612.jpg,627.73,0.1039343305159796,0.4662002593029905,0.0,25.05,2.9,2127.52,118991.55,0.0
pisang,istockphoto-97689079-612x612.jpg,627.73,0.1039343305159796,0.4662002593029905,0.0,25.05,2.9,2127.52,118991.55,0.0
