Kategori,Nama_File,Canny_Edge_Density_Low,Canny_Edge_Density_Medium,Canny_Edge_Density_High,Canny_Contour_Count_Low,Canny_Contour_Count_Medium,Canny_Contour_Count_High,Canny_Avg_Contour_Length_Low,Canny_Avg_Contour_Length_Medium,Canny_Avg_Contour_Length_High,Sobel_Mean,Sobel_Std
apel,istockphoto-104118859-612x612.jpg,2.5944,1.2042,0.7131,239,85,28,61.11,79.4,146.48,38.82,76.35
apel,istockphoto-104118859-612x612.jpg,2.5944,1.2042,0.7131,239,85,28,61.11,79.4,146.48,38.82,76.35
apel,istockphoto-1071724874-612x612.jpg,2.6935,1.0581,0.5545,230,83,35,73.7,79.4,98.76,34.93,56.79
apel,istockphoto-1071724874-612x612.jpg,2.6935,1.0581,0.5545,230,83,35,73.7,79.4,98.76,34.93,56.79
apel,istockphoto-1129330002-612x612.jpg,2.4021,1.1846,0.7785,245,98,58,66.23,81.06,89.13,27.33,57.34
apel,istockphoto-1129330002-612x612.jpg,2.4021,1.1846,0.7785,245,98,58,66.23,81.06,89.13,27.33,57.34
apel,istockphoto-1129330005-612x612.jpg,2.283,1.163,0.7131,278,111,65,55.94,71.06,73.2,27.32,57.01
apel,istockphoto-1129330005-612x612.jpg,2.283,1.163,0.7131,278,111,65,55.94,71.06,73.2,27.32,57.01
apel,istockphoto-1129330007-612x612.jpg,2.342,1.1166,0.7147,258,108,60,61.8,68.66,77.99,27.44,57.72
apel,istockphoto-1129330007-612x612.jpg,2.342,1.1166,0.7147,258,108,60,61.8,68.66,77.99,27.44,57.72
apel,istockphoto-1194909938-612x612.jpg,1.9437,0.9817,0.6179,231,96,43,48.31,57.34,79.24,27.35,54.09
apel,istockphoto-1194909938-612x612.jpg,1.9437,0.9817,0.6179,231,96,43,48.31,57.34,79.24,27.35,54.09
apel,istockphoto-1211615527-612x612.jpg,3.0396,1.2806,0.746,268,112,60,71.58,71.51,76.71,37.37,61.9
apel,istockphoto-1211615527-612x612.jpg,3.0396,1.2806,0.746,268,112,60,71.58,71.51,76.71,37.37,61.9
apel,istockphoto-1251667475-612x612.jpg,2.2531,1.0349,0.5447,219,80,32,68.86,86.02,112.37,30.0,56.79
apel,istockphoto-1251667475-612x612.jpg,2.2531,1.0349,0.5447,219,80,32,68.86,86.02,112.37,30.0,56.79
apel,istockphoto-1278670245-612x612.jpg,3.1436,1.5178,0.7954,367,167,80,53.65,55.93,60.49,33.76,65.41
apel,istockphoto-1278670245-612x612.jpg,3.1436,1.5178,0.7954,367,167,80,53.65,55.93,60.49,33.76,65.41
apel,istockphoto-1291262170-612x612.jpg,2.9079,1.2715,0.5967,316,126,47,60.99,65.68,82.71,35.38,61.68
apel,istockphoto-1291262170-612x612.jpg,2.9079,1.2715,0.5967,316,126,47,60.99,65.68,82.71,35.38,61.68
apel,istockphoto-1296217548-612x612.jpg,2.7823,1.1892,0.6142,256,111,52,69.19,67.04,72.82,33.68,54.24
apel,istockphoto-1296217548-612x612.jpg,2.7823,1.1892,0.6142,256,111,52,69.19,67.04,72.82,33.68,54.24
apel,istockphoto-1312496608-612x612.jpg,1.6809,0.7344,0.536,115,32,13,93.55,145.06,259.78,33.63,52.89
apel,istockphoto-1312496608-612x612.jpg,1.6809,0.7344,0.536,115,32,13,93.55,145.06,259.78,33.63,52.89
apel,istockphoto-1317485931-612x612.jpg,1.9301,0.7644,0.5425,157,31,20,78.9,156.19,171.91,36.23,55.74
apel,istockphoto-1317485931-612x612.jpg,1.9301,0.7644,0.5425,157,31,20,78.9,156.19,171.91,36.23,55.74
apel,istockphoto-139536288-612x612.jpg,2.6055,1.3891,0.807,300,157,82,44.47,44.51,49.02,43.03,74.45
apel,istockphoto-139536288-612x612.jpg,2.6055,1.3891,0.807,300,157,82,44.47,44.51,49.02,43.03,74.45
apel,istockphoto-145152710-612x612.jpg,1.2924,0.6904,0.5427,76,19,4,76.56,163.46,619.79,26.76,58.44
apel,istockphoto-145152710-612x612.jpg,1.2924,0.6904,0.5427,76,19,4,76.56,163.46,619.79,26.76,58.44
apel,istockphoto-146074221-612x612.jpg,0.8371,0.5238,0.4345,79,27,8,71.49,130.31,365.68,21.74,49.99
apel,istockphoto-146074221-612x612.jpg,0.8371,0.5238,0.4345,79,27,8,71.49,130.31,365.68,21.74,49.99
apel,istockphoto-146899851-612x612.jpg,1.4101,0.855,0.3729,81,45,20,79.34,86.62,82.34,22.43,48.2
apel,istockphoto-146899851-612x612.jpg,1.4101,0.855,0.3729,81,45,20,79.34,86.62,82.34,22.43,48.2
apel,istockphoto-147072004-612x612.jpg,1.1725,0.396,0.1986,79,23,4,67.09,76.54,225.4,19.77,48.6
apel,istockphoto-147072004-612x612.jpg,1.1725,0.396,0.1986,79,23,4,67.09,76.54,225.4,19.77,48.6
apel,istockphoto-147666530-612x612.jpg,1.5947,0.9219,0.6268,178,76,29,40.74,55.37,97.47,30.48,61.24
apel,istockphoto-147666530-612x612.jpg,1.5947,0.9219,0.6268,178,76,29,40.74,55.37,97.47,30.48,61.24
apel,istockphoto-1489396457-612x612.jpg,3.0509,1.2413,0.7923,206,62,29,94.18,124.7,167.55,44.69,59.99
apel,istockphoto-1489396457-612x612.jpg,3.0509,1.2413,0.7923,206,62,29,94.18,124.7,167.55,44.69,59.99
apel,istockphoto-1605993675-612x612.jpg,2.7082,1.402,0.8903,199,79,35,78.33,100.07,142.31,41.44,60.99
apel,istockphoto-1605993675-612x612.jpg,2.7082,1.402,0.8903,199,79,35,78.33,100.07,142.31,41.44,60.99
apel,istockphoto-166138544-612x612.jpg,1.5571,0.6336,0.3583,193,65,15,55.2,66.25,162.96,26.35,54.87
apel,istockphoto-166138544-612x612.jpg,1.5571,0.6336,0.3583,193,65,15,55.2,66.25,162.96,26.35,54.87
apel,istockphoto-172381794-612x612.jpg,1.5032,0.7254,0.4152,135,54,19,75.07,88.22,139.88,26.51,55.69
apel,istockphoto-172381794-612x612.jpg,1.5032,0.7254,0.4152,135,54,19,75.07,88.22,139.88,26.51,55.69
apel,istockphoto-177110145-612x612.jpg,3.5959,1.4905,0.7293,348,151,64,63.67,59.61,68.85,45.33,70.19
apel,istockphoto-177110145-612x612.jpg,3.5959,1.4905,0.7293,348,151,64,63.67,59.61,68.85,45.33,70.19
apel,istockphoto-177247793-612x612.jpg,1.4628,0.8055,0.5265,172,99,74,57.67,54.12,46.54,26.05,63.87
apel,istockphoto-177247793-612x612.jpg,1.4628,0.8055,0.5265,172,99,74,57.67,54.12,46.54,26.05,63.87
apel,istockphoto-179514712-612x612.jpg,0.9105,0.5692,0.4068,65,32,22,81.49,104.09,107.68,18.32,44.34
apel,istockphoto-179514712-612x612.jpg,0.9105,0.5692,0.4068,65,32,22,81.49,104.09,107.68,18.32,44.34
apel,istockphoto-185071735-612x612.jpg,1.4869,0.8538,0.5086,204,103,50,50.17,56.67,68.06,26.26,54.87
apel,istockphoto-185071735-612x612.jpg,1.4869,0.8538,0.5086,204,103,50,50.17,56.67,68.06,26.26,54.87
apel,istockphoto-185689098-612x612.jpg,2.3384,1.4427,0.8674,189,112,58,56.19,57.07,65.29,31.3,69.67
apel,istockphoto-185689098-612x612.jpg,2.3384,1.4427,0.8674,189,112,58,56.19,57.07,65.29,31.3,69.67
apel,istockphoto-186843005-612x612.jpg,3.3472,1.7589,1.1404,405,195,103,49.08,52.83,64.48,49.49,88.94
apel,istockphoto-186843005-612x612.jpg,3.3472,1.7589,1.1404,405,195,103,49.08,52.83,64.48,49.49,88.94
apel,istockphoto-187185922-612x612.jpg,2.5265,1.0546,0.5898,390,151,35,43.96,46.01,111.45,37.45,67.04
apel,istockphoto-187185922-612x612.jpg,2.5265,1.0546,0.5898,390,151,35,43.96,46.01,111.45,37.45,67.04
apel,istockphoto-2218780905-612x612.jpg,1.8541,0.9448,0.6152,167,71,28,71.89,85.1,138.96,29.53,57.37
apel,istockphoto-2218780905-612x612.jpg,1.8541,0.9448,0.6152,167,71,28,71.89,85.1,138.96,29.53,57.37
apel,istockphoto-2218780960-612x612.jpg,2.2129,1.0416,0.6191,240,97,37,61.62,70.23,108.01,31.67,61.31
apel,istockphoto-2218780960-612x612.jpg,2.2129,1.0416,0.6191,240,97,37,61.62,70.23,108.01,31.67,61.31
apel,istockphoto-465833631-612x612.jpg,2.438,0.9795,0.4665,288,124,49,55.07,50.34,59.72,31.69,62.73
apel,istockphoto-465833631-612x612.jpg,2.438,0.9795,0.4665,288,124,49,55.07,50.34,59.72,31.69,62.73
apel,istockphoto-466413957-612x612.jpg,4.5921,2.5252,1.4873,736,434,244,39.82,36.45,37.8,51.53,96.41
apel,istockphoto-466413957-612x612.jpg,4.5921,2.5252,1.4873,736,434,244,39.82,36.45,37.8,51.53,96.41
apel,istockphoto-471597370-612x612.jpg,2.8953,1.5178,0.8883,479,259,125,41.35,39.55,47.55,39.31,76.39
apel,istockphoto-471597370-612x612.jpg,2.8953,1.5178,0.8883,479,259,125,41.35,39.55,47.55,39.31,76.39
apel,istockphoto-479800900-612x612.jpg,2.7671,1.4674,0.8565,379,195,108,50.02,50.59,52.65,32.43,76.02
apel,istockphoto-479800900-612x612.jpg,2.7671,1.4674,0.8565,379,195,108,50.02,50.59,52.65,32.43,76.02
apel,istockphoto-483874492-612x612.jpg,1.9768,0.9168,0.5089,215,101,37,62.8,61.42,93.56,30.58,61.8
apel,istockphoto-483874492-612x612.jpg,1.9768,0.9168,0.5089,215,101,37,62.8,61.42,93.56,30.58,61.8
apel,istockphoto-488957174-612x612.jpg,3.0355,1.6532,0.9931,510,247,120,40.02,44.39,54.18,40.31,85.8
apel,istockphoto-488957174-612x612.jpg,3.0355,1.6532,0.9931,510,247,120,40.02,44.39,54.18,40.31,85.8
apel,istockphoto-501044585-612x612.jpg,3.3513,1.8908,1.153,440,250,138,51.31,50.0,54.48,43.17,85.42
apel,istockphoto-501044585-612x612.jpg,3.3513,1.8908,1.153,440,250,138,51.31,50.0,54.48,43.17,85.42
apel,istockphoto-517715916-612x612.jpg,2.6568,1.3256,0.5631,223,127,56,53.61,45.67,43.48,32.87,66.76
apel,istockphoto-517715916-612x612.jpg,2.6568,1.3256,0.5631,223,127,56,53.61,45.67,43.48,32.87,66.76
apel,istockphoto-586052010-612x612.jpg,3.0347,1.592,0.9782,523,246,114,39.09,42.83,56.17,40.02,86.35
apel,istockphoto-586052010-612x612.jpg,3.0347,1.592,0.9782,523,246,114,39.09,42.83,56.17,40.02,86.35
apel,istockphoto-609822514-612x612.jpg,3.3818,1.2568,0.4611,378,132,41,55.8,57.29,66.09,38.44,74.46
apel,istockphoto-609822514-612x612.jpg,3.3818,1.2568,0.4611,378,132,41,55.8,57.29,66.09,38.44,74.46
apel,istockphoto-613780354-612x612.jpg,4.2018,1.2216,0.5384,464,148,55,60.92,53.48,63.85,49.92,74.95
apel,istockphoto-613780354-612x612.jpg,4.2018,1.2216,0.5384,464,148,55,60.92,53.48,63.85,49.92,74.95
apel,istockphoto-616108408-612x612.jpg,1.8892,0.9273,0.6066,137,51,14,70.27,90.06,212.75,28.54,63.56
apel,istockphoto-616108408-612x612.jpg,1.8892,0.9273,0.6066,137,51,14,70.27,90.06,212.75,28.54,63.56
apel,istockphoto-625771024-612x612.jpg,1.7183,0.7118,0.4231,164,55,20,68.29,83.38,138.25,36.85,54.7
apel,istockphoto-625771024-612x612.jpg,1.7183,0.7118,0.4231,164,55,20,68.29,83.38,138.25,36.85,54.7
apel,istockphoto-667661104-612x612.jpg,1.4466,0.6684,0.3969,76,24,10,85.37,125.67,177.05,23.09,42.87
apel,istockphoto-667661104-612x612.jpg,1.4466,0.6684,0.3969,76,24,10,85.37,125.67,177.05,23.09,42.87
apel,istockphoto-667680664-612x612.jpg,1.3428,0.6155,0.4249,84,27,13,72.73,101.75,143.77,24.41,44.07
apel,istockphoto-667680664-612x612.jpg,1.3428,0.6155,0.4249,84,27,13,72.73,101.75,143.77,24.41,44.07
apel,istockphoto-92360356-612x612.jpg,1.6284,0.8246,0.489,89,46,28,83.6,80.31,77.54,24.64,55.99
apel,istockphoto-92360356-612x612.jpg,1.6284,0.8246,0.489,89,46,28,83.6,80.31,77.54,24.64,55.99
apel,istockphoto-92655916-612x612.jpg,2.1474,1.0205,0.4885,260,137,64,52.49,46.67,47.13,27.29,56.09
apel,istockphoto-92655916-612x612.jpg,2.1474,1.0205,0.4885,260,137,64,52.49,46.67,47.13,27.29,56.09
apel,istockphoto-95484841-612x612.jpg,5.4661,2.6339,1.304,582,326,167,63.38,53.05,50.65,47.32,74.05
apel,istockphoto-95484841-612x612.jpg,5.4661,2.6339,1.304,582,326,167,63.38,53.05,50.65,47.32,74.05
nanas,istockphoto-1008429106-612x612.jpg,6.7036,4.4146,2.5861,242,181,148,106.59,92.08,64.51,46.03,88.27
nanas,istockphoto-1008429106-612x612.jpg,6.7036,4.4146,2.5861,242,181,148,106.59,92.08,64.51,46.03,88.27
nanas,istockphoto-1132807691-612x612.jpg,8.0009,5.0819,3.3143,324,201,135,93.35,93.39,89.14,60.29,104.82
nanas,istockphoto-1132807691-612x612.jpg,8.0009,5.0819,3.3143,324,201,135,93.35,93.39,89.14,60.29,104.82
nanas,istockphoto-1132807783-612x612.jpg,6.4296,4.1442,2.4639,254,185,121,104.79,90.59,81.37,47.41,96.01
nanas,istockphoto-1132807783-612x612.jpg,6.4296,4.1442,2.4639,254,185,121,104.79,90.59,81.37,47.41,96.01
nanas,istockphoto-120521928-612x612.jpg,7.5225,6.1213,3.9966,254,236,214,105.52,91.21,64.2,61.87,113.41
nanas,istockphoto-120521928-612x612.jpg,7.5225,6.1213,3.9966,254,236,214,105.52,91.21,64.2,61.87,113.41
nanas,istockphoto-121158297-612x612.jpg,6.7659,4.5423,2.7408,287,222,167,102.36,87.27,67.35,52.8,99.39
nanas,istockphoto-121158297-612x612.jpg,6.7659,4.5423,2.7408,287,222,167,102.36,87.27,67.35,52.8,99.39
nanas,istockphoto-1255490998-612x612.jpg,6.7705,5.7055,4.2079,360,293,249,80.3,82.47,70.8,56.5,110.3
nanas,istockphoto-1255490998-612x612.jpg,6.7705,5.7055,4.2079,360,293,249,80.3,82.47,70.8,56.5,110.3
nanas,istockphoto-1293845097-612x612.jpg,5.5195,3.9128,2.3677,196,169,141,127.65,103.29,73.15,38.5,82.93
nanas,istockphoto-1293845097-612x612.jpg,5.5195,3.9128,2.3677,196,169,141,127.65,103.29,73.15,38.5,82.93
nanas,istockphoto-135729530-612x612.jpg,7.4702,6.0799,4.3034,415,346,324,81.23,78.19,57.87,64.16,124.3
nanas,istockphoto-135729530-612x612.jpg,7.4702,6.0799,4.3034,415,346,324,81.23,78.19,57.87,64.16,124.3
nanas,istockphoto-1366787876-612x612.jpg,4.3124,2.9584,1.7405,223,169,144,86.92,77.5,51.9,31.11,75.49
nanas,istockphoto-1366787876-612x612.jpg,4.3124,2.9584,1.7405,223,169,144,86.92,77.5,51.9,31.11,75.49
nanas,istockphoto-144231660-612x612.jpg,5.8563,4.6064,3.0129,323,250,221,81.44,81.69,58.54,46.65,100.63
nanas,istockphoto-144231660-612x612.jpg,5.8563,4.6064,3.0129,323,250,221,81.44,81.69,58.54,46.65,100.63
nanas,istockphoto-144871786-612x612.jpg,8.9238,7.0205,4.7479,491,386,353,80.79,79.83,57.54,73.51,129.13
nanas,istockphoto-144871786-612x612.jpg,8.9238,7.0205,4.7479,491,386,353,80.79,79.83,57.54,73.51,129.13
nanas,istockphoto-152953394-612x612.jpg,5.719,4.0866,2.3661,252,196,153,101.62,91.81,66.49,44.96,92.88
nanas,istockphoto-152953394-612x612.jpg,5.719,4.0866,2.3661,252,196,153,101.62,91.81,66.49,44.96,92.88
nanas,istockphoto-152985782-612x612.jpg,5.1311,4.354,3.1026,247,228,205,93.15,84.2,64.94,44.57,111.27
nanas,istockphoto-152985782-612x612.jpg,5.1311,4.354,3.1026,247,228,205,93.15,84.2,64.94,44.57,111.27
nanas,istockphoto-152995139-612x612.jpg,7.7665,5.4334,3.1965,347,292,242,102.83,83.87,57.68,58.73,105.16
nanas,istockphoto-152995139-612x612.jpg,7.7665,5.4334,3.1965,347,292,242,102.83,83.87,57.68,58.73,105.16
nanas,istockphoto-155135289-612x612.jpg,6.3557,4.8311,3.1578,337,256,215,84.84,83.85,63.53,52.71,107.47
nanas,istockphoto-155135289-612x612.jpg,6.3557,4.8311,3.1578,337,256,215,84.84,83.85,63.53,52.71,107.47
nanas,istockphoto-172923656-612x612.jpg,6.6654,4.5021,2.5275,284,230,155,106.58,86.31,69.58,49.82,101.85
nanas,istockphoto-172923656-612x612.jpg,6.6654,4.5021,2.5275,284,230,155,106.58,86.31,69.58,49.82,101.85
nanas,istockphoto-172932390-612x612.jpg,7.1243,5.8531,4.0581,319,269,257,99.49,95.93,67.88,58.91,112.05
nanas,istockphoto-172932390-612x612.jpg,7.1243,5.8531,4.0581,319,269,257,99.49,95.93,67.88,58.91,112.05
nanas,istockphoto-173935152-612x612.jpg,7.407,5.8499,4.1074,331,249,238,99.43,102.68,73.29,60.71,120.41
nanas,istockphoto-173935152-612x612.jpg,7.407,5.8499,4.1074,331,249,238,99.43,102.68,73.29,60.71,120.41
nanas,istockphoto-174841598-612x612.jpg,7.5364,5.1723,2.9792,300,261,189,112.32,86.64,67.07,56.43,103.14
nanas,istockphoto-174841598-612x612.jpg,7.5364,5.1723,2.9792,300,261,189,112.32,86.64,67.07,56.43,103.14
nanas,istockphoto-176123145-612x612.jpg,6.6085,5.5802,4.1597,332,262,245,84.89,90.07,70.66,61.0,127.43
nanas,istockphoto-176123145-612x612.jpg,6.6085,5.5802,4.1597,332,262,245,84.89,90.07,70.66,61.0,127.43
nanas,istockphoto-178499769-612x612.jpg,8.0266,5.9965,3.8435,403,328,278,89.71,81.24,59.64,65.04,117.58
nanas,istockphoto-178499769-612x612.jpg,8.0266,5.9965,3.8435,403,328,278,89.71,81.24,59.64,65.04,117.58
nanas,istockphoto-178740379-612x612.jpg,6.4331,5.0071,3.298,224,200,161,116.68,99.47,79.0,50.75,108.67
nanas,istockphoto-178740379-612x612.jpg,6.4331,5.0071,3.298,224,200,161,116.68,99.47,79.0,50.75,108.67
nanas,istockphoto-178782647-612x612.jpg,7.1807,5.8119,4.2295,343,261,261,93.84,98.6,70.5,62.37,128.93
nanas,istockphoto-178782647-612x612.jpg,7.1807,5.8119,4.2295,343,261,261,93.84,98.6,70.5,62.37,128.93
nanas,istockphoto-182231981-612x612.jpg,7.2016,5.7742,3.425,347,296,292,93.89,87.0,50.3,56.19,108.23
nanas,istockphoto-182231981-612x612.jpg,7.2016,5.7742,3.425,347,296,292,93.89,87.0,50.3,56.19,108.23
nanas,istockphoto-182473485-612x612.jpg,7.1078,5.5046,3.4685,342,299,250,99.69,86.82,64.09,55.88,110.21
nanas,istockphoto-182473485-612x612.jpg,7.1078,5.5046,3.4685,342,299,250,99.69,86.82,64.09,55.88,110.21
nanas,istockphoto-185144690-612x612.jpg,7.2473,5.258,3.1462,330,280,247,93.51,78.51,51.81,55.18,104.81
nanas,istockphoto-185144690-612x612.jpg,7.2473,5.258,3.1462,330,280,247,93.51,78.51,51.81,55.18,104.81
nanas,istockphoto-186807261-612x612.jpg,7.19,5.6952,4.1817,340,252,254,83.08,87.76,62.62,62.17,117.64
nanas,istockphoto-186807261-612x612.jpg,7.19,5.6952,4.1817,340,252,254,83.08,87.76,62.62,62.17,117.64
nanas,istockphoto-186928771-612x612.jpg,5.0266,3.6416,2.2626,183,156,114,120.29,99.87,83.27,37.16,88.79
nanas,istockphoto-186928771-612x612.jpg,5.0266,3.6416,2.2626,183,156,114,120.29,99.87,83.27,37.16,88.79
nanas,istockphoto-2096261549-612x612.jpg,9.6973,6.9656,4.1185,434,331,256,85.23,78.97,58.6,68.98,105.73
nanas,istockphoto-2096261549-612x612.jpg,9.6973,6.9656,4.1185,434,331,256,85.23,78.97,58.6,68.98,105.73
nanas,istockphoto-2181463479-612x612.jpg,7.3721,4.6777,2.7221,227,186,143,124.51,94.77,70.18,50.96,89.75
nanas,istockphoto-2181463479-612x612.jpg,7.3721,4.6777,2.7221,227,186,143,124.51,94.77,70.18,50.96,89.75
nanas,istockphoto-2188481129-612x612.jpg,5.6117,3.5653,2.127,213,146,107,114.09,103.35,81.92,38.71,85.96
nanas,istockphoto-2188481129-612x612.jpg,5.6117,3.5653,2.127,213,146,107,114.09,103.35,81.92,38.71,85.96
nanas,istockphoto-2230793089-612x612.jpg,6.4775,5.1871,3.4254,349,288,268,83.22,79.52,54.75,53.45,111.49
nanas,istockphoto-2230793089-612x612.jpg,6.4775,5.1871,3.4254,349,288,268,83.22,79.52,54.75,53.45,111.49
nanas,istockphoto-453794089-612x612.jpg,7.0502,5.266,3.2848,371,293,265,86.36,80.3,53.76,56.74,108.85
nanas,istockphoto-453794089-612x612.jpg,7.0502,5.266,3.2848,371,293,265,86.36,80.3,53.76,56.74,108.85
nanas,istockphoto-464711675-612x612.jpg,9.975,7.9724,5.7551,439,357,349,80.75,78.11,56.47,85.75,136.81
nanas,istockphoto-464711675-612x612.jpg,9.975,7.9724,5.7551,439,357,349,80.75,78.11,56.47,85.75,136.81
nanas,istockphoto-465732960-612x612.jpg,6.4055,4.9357,3.2728,322,251,232,89.45,87.18,61.09,54.72,113.63
nanas,istockphoto-465732960-612x612.jpg,6.4055,4.9357,3.2728,322,251,232,89.45,87.18,61.09,54.72,113.63
nanas,istockphoto-467176151-612x612.jpg,4.7625,3.9952,2.7323,244,207,213,89.95,87.49,56.16,40.22,104.67
nanas,istockphoto-467176151-612x612.jpg,4.7625,3.9952,2.7323,244,207,213,89.95,87.49,56.16,40.22,104.67
nanas,istockphoto-469985451-612x612.jpg,5.1943,3.9795,2.5819,253,207,193,94.89,87.09,59.01,41.39,99.89
nanas,istockphoto-469985451-612x612.jpg,5.1943,3.9795,2.5819,253,207,193,94.89,87.09,59.01,41.39,99.89
nanas,istockphoto-470221128-612x612.jpg,5.2552,3.9352,2.4746,255,224,183,93.71,78.26,58.63,41.8,102.96
nanas,istockphoto-470221128-612x612.jpg,5.2552,3.9352,2.4746,255,224,183,93.71,78.26,58.63,41.8,102.96
nanas,istockphoto-478386400-612x612.jpg,6.6913,4.4963,2.9892,312,237,180,96.3,83.83,71.99,51.13,102.23
nanas,istockphoto-478386400-612x612.jpg,6.6913,4.4963,2.9892,312,237,180,96.3,83.83,71.99,51.13,102.23
nanas,istockphoto-480636761-612x612.jpg,7.1174,5.623,3.8671,314,261,238,95.58,89.33,65.92,59.81,118.1
nanas,istockphoto-480636761-612x612.jpg,7.1174,5.623,3.8671,314,261,238,95.58,89.33,65.92,59.81,118.1
nanas,istockphoto-495507915-612x612.jpg,7.2397,5.5134,3.6273,373,294,246,87.43,83.12,63.81,58.27,114.01
nanas,istockphoto-495507915-612x612.jpg,7.2397,5.5134,3.6273,373,294,246,87.43,83.12,63.81,58.27,114.01
nanas,istockphoto-510798092-612x612.jpg,8.9968,7.1786,4.9894,317,277,258,97.65,87.89,64.22,73.1,124.21
nanas,istockphoto-510798092-612x612.jpg,8.9968,7.1786,4.9894,317,277,258,97.65,87.89,64.22,73.1,124.21
nanas,istockphoto-534502336-612x612.jpg,6.9032,4.6152,2.9023,349,278,214,90.07,73.91,59.05,54.93,108.45
nanas,istockphoto-534502336-612x612.jpg,6.9032,4.6152,2.9023,349,278,214,90.07,73.91,59.05,54.93,108.45
nanas,istockphoto-541148662-612x612.jpg,7.3935,5.8636,4.2017,332,259,209,91.6,91.79,79.98,64.89,127.54
nanas,istockphoto-541148662-612x612.jpg,7.3935,5.8636,4.2017,332,259,209,91.6,91.79,79.98,64.89,127.54
nanas,istockphoto-578576926-612x612.jpg,7.6685,6.0682,4.1731,401,331,255,86.32,82.03,72.13,65.96,126.03
nanas,istockphoto-578576926-612x612.jpg,7.6685,6.0682,4.1731,401,331,255,86.32,82.03,72.13,65.96,126.03
nanas,istockphoto-586703630-612x612.jpg,5.0381,3.4674,2.1875,212,171,141,106.2,89.28,66.28,38.76,92.97
nanas,istockphoto-586703630-612x612.jpg,5.0381,3.4674,2.1875,212,171,141,106.2,89.28,66.28,38.76,92.97
nanas,istockphoto-89897437-612x612.jpg,7.0125,5.8483,4.0085,301,260,254,104.35,99.24,67.82,57.69,119.22
nanas,istockphoto-89897437-612x612.jpg,7.0125,5.8483,4.0085,301,260,254,104.35,99.24,67.82,57.69,119.22
nanas,istockphoto-91830998-612x612.jpg,6.0872,4.1579,2.6016,323,250,186,85.24,73.65,60.57,50.84,109.09
nanas,istockphoto-91830998-612x612.jpg,6.0872,4.1579,2.6016,323,250,186,85.24,73.65,60.57,50.84,109.09
nanas,istockphoto-92364805-612x612.jpg,6.5756,5.0033,3.423,341,267,238,86.91,82.72,62.34,55.3,117.06
nanas,istockphoto-92364805-612x612.jpg,6.5756,5.0033,3.423,341,267,238,86.91,82.72,62.34,55.3,117.06
nanas,istockphoto-96777024-612x612.jpg,6.6958,5.2519,3.4652,297,243,235,101.1,95.33,63.1,56.86,116.96
nanas,istockphoto-96777024-612x612.jpg,6.6958,5.2519,3.4652,297,243,235,101.1,95.33,63.1,56.86,116.96
pisang,istockphoto-111833285-612x612.jpg,1.257,0.9541,0.5045,15,12,10,377.99,350.76,218.95,13.95,45.93
pisang,istockphoto-111833285-612x612.jpg,1.257,0.9541,0.5045,15,12,10,377.99,350.76,218.95,13.95,45.93
pisang,istockphoto-1142556015-612x612.jpg,1.0373,0.5289,0.2889,11,11,6,462.76,228.71,218.47,9.7,29.56
pisang,istockphoto-1142556015-612x612.jpg,1.0373,0.5289,0.2889,11,11,6,462.76,228.71,218.47,9.7,29.56
pisang,istockphoto-1145222158-612x612.jpg,1.4097,0.6724,0.3785,18,11,11,365.24,273.51,152.66,11.44,36.83
pisang,istockphoto-1145222158-612x612.jpg,1.4097,0.6724,0.3785,18,11,11,365.24,273.51,152.66,11.44,36.83
pisang,istockphoto-1145692762-612x612.jpg,1.5621,0.9494,0.6075,30,20,13,277.57,250.27,237.17,18.95,47.11
pisang,istockphoto-1145692762-612x612.jpg,1.5621,0.9494,0.6075,30,20,13,277.57,250.27,237.17,18.95,47.11
pisang,istockphoto-1146065629-612x612.jpg,1.4678,0.9083,0.5404,34,26,16,229.56,181.37,175.28,17.32,45.85
pisang,istockphoto-1146065629-612x612.jpg,1.4678,0.9083,0.5404,34,26,16,229.56,181.37,175.28,17.32,45.85
pisang,istockphoto-1146507783-612x612.jpg,1.6589,0.9294,0.574,35,29,15,238.18,154.94,181.49,17.27,46.78
pisang,istockphoto-1146507783-612x612.jpg,1.6589,0.9294,0.574,35,29,15,238.18,154.94,181.49,17.27,46.78
pisang,istockphoto-1148078328-612x612.jpg,1.1606,0.4881,0.2512,17,10,9,355.53,250.91,144.08,11.03,34.67
pisang,istockphoto-1148078328-612x612.jpg,1.1606,0.4881,0.2512,17,10,9,355.53,250.91,144.08,11.03,34.67
pisang,istockphoto-1153426278-612x612.jpg,0.5731,0.4146,0.1957,6,2,4,426.82,894.3,204.1,6.22,23.42
pisang,istockphoto-1153426278-612x612.jpg,0.5731,0.4146,0.1957,6,2,4,426.82,894.3,204.1,6.22,23.42
pisang,istockphoto-1403991086-612x612.jpg,1.2182,0.777,0.4523,18,12,9,405.58,383.09,306.98,11.43,40.44
pisang,istockphoto-1403991086-612x612.jpg,1.2182,0.777,0.4523,18,12,9,405.58,383.09,306.98,11.43,40.44
pisang,istockphoto-1454764028-612x612.jpg,1.5341,0.9768,0.6503,22,11,9,346.11,429.79,340.19,14.59,39.47
pisang,istockphoto-1454764028-612x612.jpg,1.5341,0.9768,0.6503,22,11,9,346.11,429.79,340.19,14.59,39.47
pisang,istockphoto-1461328229-612x612.jpg,0.6409,0.3263,0.2338,5,4,4,481.23,309.17,207.11,7.92,26.19
pisang,istockphoto-1461328229-612x612.jpg,0.6409,0.3263,0.2338,5,4,4,481.23,309.17,207.11,7.92,26.19
pisang,istockphoto-147069390-612x612.jpg,0.8076,0.5699,0.3658,7,8,4,538.24,322.99,412.96,7.12,37.97
pisang,istockphoto-147069390-612x612.jpg,0.8076,0.5699,0.3658,7,8,4,538.24,322.99,412.96,7.12,37.97
pisang,istockphoto-148327893-612x612.jpg,1.5122,0.8863,0.4542,27,20,12,258.94,205.8,174.59,14.07,46.14
pisang,istockphoto-148327893-612x612.jpg,1.5122,0.8863,0.4542,27,20,12,258.94,205.8,174.59,14.07,46.14
pisang,istockphoto-151555636-612x612.jpg,1.5158,0.9155,0.6131,19,17,13,378.34,246.87,215.31,15.66,47.3
pisang,istockphoto-151555636-612x612.jpg,1.5158,0.9155,0.6131,19,17,13,378.34,246.87,215.31,15.66,47.3
pisang,istockphoto-152172736-612x612.jpg,1.1754,0.813,0.3917,17,12,9,329.33,317.16,196.36,10.84,38.96
pisang,istockphoto-152172736-612x612.jpg,1.1754,0.813,0.3917,17,12,9,329.33,317.16,196.36,10.84,38.96
pisang,istockphoto-153152189-612x612.jpg,1.1427,0.6593,0.4959,11,8,9,519.61,411.04,266.28,11.52,38.8
pisang,istockphoto-153152189-612x612.jpg,1.1427,0.6593,0.4959,11,8,9,519.61,411.04,266.28,11.52,38.8
pisang,istockphoto-153687315-612x612.jpg,1.6284,1.1734,0.6288,25,21,20,286.98,247.99,135.73,13.41,48.24
pisang,istockphoto-153687315-612x612.jpg,1.6284,1.1734,0.6288,25,21,20,286.98,247.99,135.73,13.41,48.24
pisang,istockphoto-155428659-612x612.jpg,0.7433,0.6011,0.4065,16,4,4,219.28,696.65,440.65,8.47,38.12
pisang,istockphoto-155428659-612x612.jpg,0.7433,0.6011,0.4065,16,4,4,219.28,696.65,440.65,8.47,38.12
pisang,istockphoto-160420996-612x612.jpg,1.1226,0.783,0.4237,19,12,10,273.82,293.53,184.47,10.08,39.86
pisang,istockphoto-160420996-612x612.jpg,1.1226,0.783,0.4237,19,12,10,273.82,293.53,184.47,10.08,39.86
pisang,istockphoto-173915234-612x612.jpg,1.4081,0.7805,0.4333,24,13,10,278.8,274.23,190.95,13.55,40.87
pisang,istockphoto-173915234-612x612.jpg,1.4081,0.7805,0.4333,24,13,10,278.8,274.23,190.95,13.55,40.87
pisang,istockphoto-174192325-612x612.jpg,1.58,0.7688,0.6384,23,14,13,416.1,328.55,290.26,13.77,43.53
pisang,istockphoto-174192325-612x612.jpg,1.58,0.7688,0.6384,23,14,13,416.1,328.55,290.26,13.77,43.53
pisang,istockphoto-175129786-612x612.jpg,1.2611,0.8414,0.4754,12,12,15,552.56,364.95,162.91,12.34,39.55
pisang,istockphoto-175129786-612x612.jpg,1.2611,0.8414,0.4754,12,12,15,552.56,364.95,162.91,12.34,39.55
pisang,istockphoto-176810394-612x612.jpg,0.6417,0.3179,0.0952,4,4,3,790.78,386.93,161.1,4.75,22.86
pisang,istockphoto-176810394-612x612.jpg,0.6417,0.3179,0.0952,4,4,3,790.78,386.93,161.1,4.75,22.86
pisang,istockphoto-177100013-612x612.jpg,0.9995,0.5504,0.2487,14,12,7,335.77,215.98,160.49,11.02,32.71
pisang,istockphoto-177100013-612x612.jpg,0.9995,0.5504,0.2487,14,12,7,335.77,215.98,160.49,11.02,32.71
pisang,istockphoto-178377154-612x612.jpg,1.1963,0.6484,0.4574,18,9,9,301.55,325.71,223.73,12.07,38.99
pisang,istockphoto-178377154-612x612.jpg,1.1963,0.6484,0.4574,18,9,9,301.55,325.71,223.73,12.07,38.99
pisang,istockphoto-178564443-612x612.jpg,0.6444,0.426,0.2323,10,5,3,299.47,385.23,353.81,8.14,27.68
pisang,istockphoto-178564443-612x612.jpg,0.6444,0.426,0.2323,10,5,3,299.47,385.23,353.81,8.14,27.68
pisang,istockphoto-179066874-612x612.jpg,1.3909,0.8154,0.5122,21,10,8,295.92,363.19,284.12,11.97,40.04
pisang,istockphoto-179066874-612x612.jpg,1.3909,0.8154,0.5122,21,10,8,295.92,363.19,284.12,11.97,40.04
pisang,istockphoto-184758160-612x612.jpg,1.5079,0.9309,0.6604,28,22,16,277.87,213.4,206.64,15.18,51.78
pisang,istockphoto-184758160-612x612.jpg,1.5079,0.9309,0.6604,28,22,16,277.87,213.4,206.64,15.18,51.78
pisang,istockphoto-185302736-612x612.jpg,1.314,0.9443,0.6332,26,16,17,231.83,269.43,167.28,14.81,49.03
pisang,istockphoto-185302736-612x612.jpg,1.314,0.9443,0.6332,26,16,17,231.83,269.43,167.28,14.81,49.03
pisang,istockphoto-186012002-612x612.jpg,0.3877,0.1501,0.0286,2,2,1,894.71,363.86,125.54,4.61,21.02
pisang,istockphoto-186012002-612x612.jpg,0.3877,0.1501,0.0286,2,2,1,894.71,363.86,125.54,4.61,21.02
pisang,istockphoto-2209570997-612x612.jpg,1.298,0.7974,0.5126,13,12,14,466.74,298.51,162.58,11.39,38.05
pisang,istockphoto-2209570997-612x612.jpg,1.298,0.7974,0.5126,13,12,14,466.74,298.51,162.58,11.39,38.05
pisang,istockphoto-453270811-612x612.jpg,1.8326,1.2118,0.856,43,22,25,227.16,290.16,175.81,19.39,55.34
pisang,istockphoto-453270811-612x612.jpg,1.8326,1.2118,0.856,43,22,25,227.16,290.16,175.81,19.39,55.34
pisang,istockphoto-462433767-612x612.jpg,1.671,0.976,0.5868,28,19,13,279.6,234.91,202.8,15.9,47.66
pisang,istockphoto-462433767-612x612.jpg,1.671,0.976,0.5868,28,19,13,279.6,234.91,202.8,15.9,47.66
pisang,istockphoto-468554282-612x612.jpg,0.7505,0.5795,0.3612,4,2,4,888.99,1342.9,412.04,8.14,31.95
pisang,istockphoto-468554282-612x612.jpg,0.7505,0.5795,0.3612,4,2,4,888.99,1342.9,412.04,8.14,31.95
pisang,istockphoto-486818690-612x612.jpg,1.4888,1.1176,0.5653,25,23,17,329.33,262.49,180.18,14.04,45.78
pisang,istockphoto-486818690-612x612.jpg,1.4888,1.1176,0.5653,25,23,17,329.33,262.49,180.18,14.04,45.78
pisang,istockphoto-490514186-612x612.jpg,1.071,0.7629,0.5189,12,13,10,446.0,289.0,252.66,11.41,40.07
pisang,istockphoto-490514186-612x612.jpg,1.071,0.7629,0.5189,12,13,10,446.0,289.0,252.66,11.41,40.07
pisang,istockphoto-495671192-612x612.jpg,1.6963,1.0291,0.716,30,23,19,313.35,238.2,201.63,17.29,50.67
pisang,istockphoto-495671192-612x612.jpg,1.6963,1.0291,0.716,30,23,19,313.35,238.2,201.63,17.29,50.67
pisang,istockphoto-499360203-612x612.jpg,0.4786,0.3264,0.2825,10,8,7,201.61,169.2,170.03,7.34,30.73
pisang,istockphoto-499360203-612x612.jpg,0.4786,0.3264,0.2825,10,8,7,201.61,169.2,170.03,7.34,30.73
pisang,istockphoto-499436327-612x612.jpg,1.6012,1.1529,0.8198,60,37,31,151.39,173.4,145.98,21.5,61.85
pisang,istockphoto-499436327-612x612.jpg,1.6012,1.1529,0.8198,60,37,31,151.39,173.4,145.98,21.5,61.85
pisang,istockphoto-512335536-612x612.jpg,1.0242,0.591,0.2555,22,18,13,243.81,173.09,100.18,11.92,39.3
pisang,istockphoto-512335536-612x612.jpg,1.0242,0.591,0.2555,22,18,13,243.81,173.09,100.18,11.92,39.3
pisang,istockphoto-519124142-612x612.jpg,1.2039,0.8326,0.6091,30,19,14,184.88,200.19,200.21,12.84,53.35
pisang,istockphoto-519124142-612x612.jpg,1.2039,0.8326,0.6091,30,19,14,184.88,200.19,200.21,12.84,53.35
pisang,istockphoto-874426588-612x612.jpg,1.5914,0.9883,0.6074,47,40,23,183.33,131.5,137.42,17.53,44.51
pisang,istockphoto-874426588-612x612.jpg,1.5914,0.9883,0.6074,47,40,23,183.33,131.5,137.42,17.53,44.51
pisang,istockphoto-89486138-612x612.jpg,1.3092,0.9439,0.6208,18,10,5,340.96,443.21,575.05,16.78,47.08
pisang,istockphoto-89486138-612x612.jpg,1.3092,0.9439,0.6208,18,10,5,340.96,443.21,575.05,16.78,47.08
pisang,istockphoto-89924216-612x612.jpg,1.5692,0.9748,0.7558,24,18,14,302.18,243.32,241.02,15.72,48.68
pisang,istockphoto-89924216-612x612.jpg,1.5692,0.9748,0.7558,24,18,14,302.18,243.32,241.02,15.72,48.68
pisang,istockphoto-91710396-612x612.jpg,1.0801,0.6967,0.4172,24,20,14,231.6,174.77,146.19,10.43,37.85
pisang,istockphoto-91710396-612x612.jpg,1.0801,0.6967,0.4172,24,20,14,231.6,174.77,146.19,10.43,37.85
pisang,istockphoto-93029283-612x612.jpg,0.7294,0.3158,0.1278,5,5,4,755.13,317.91,162.94,4.84,24.42
pisang,istockphoto-93029283-612x612.jpg,0.7294,0.3158,0.1278,5,5,4,755.13,317.91,162.94,4.84,24.42
pisang,istockphoto-93385142-612x612.jpg,1.1538,0.819,0.6548,23,18,13,228.13,207.02,227.64,15.28,50.44
pisang,istockphoto-93385142-612x612.jpg,1.1538,0.819,0.6548,23,18,13,228.13,207.02,227.64,15.28,50.44
pisang,istockphoto-953956760-612x612.jpg,1.5295,1.2347,0.8426,24,19,16,299.95,303.87,242.66,18.17,49.19
pisang,istockphoto-953956760-612x612.jpg,1.5295,1.2347,0.8426,24,19,16,299.95,303.87,242.66,18.17,49.19
pisang,istockphoto-96891345-612x612.jpg,1.308,0.6632,0.5131,25,22,19,240.66,133.01,117.12,13.9,47.2
pisang,istockphoto-96891345-612x612.jpg,1.308,0.6632,0.5131,25,22,19,240.66,133.01,117.12,13.9,47.2
pisang,istockphoto-97689079-612x612.jpg,0.6441,0.3173,0.2215,9,8,7,318.67,176.83,136.68,6.71,29.88
pisang,istockphoto-97689079-612x612.jpg,0.6441,0.3173,0.2215,9,8,7,318.67,176.83,136.68,6.71,29.88
